0,1,2,3,4,5,6,7,8,9,10,11,12,13,14,15,16,17,18,19,20,21,22,23,24,25,26,27,28,29,30,31,32,33,34,35,36,37,38,39,40,41,42,43,44,45,46,47,48,49,50,51,52,53,54,55,56,57,58,59,60,61,62,63,64,65,66,67,68,69,70,71,72,73,74,75,76,77,78,79,80,81,82,83,84,85,86,87,88,89,90,91,92,93,94,95,96,97,98,99,100,101,102,103,104,105,106,107,108,109,110,111,112,113,114,115,116,117,118,119,120,121,122
0.0,0.7635,0.0,0.3136,0.0,0.0,0.7556,0.7556,0.4044,0.3973,0.7746,0.0,0.3419,0.0,0.0,0.7556,0.0,0.7556,0.0,0.0,0.3484,0.7556,0.0,0.3511,0.0,0.0,0.2765,0.4481,0.7556,0.0,0.5064,0.0,0.7556,0.7556,0.0,0.7556,0.0,0.298,0.7556,0.433,0.0,0.7556,0.3683,0.4108,0.7556,0.0,0.2651,0.7746,0.2651,0.0,0.433,0.4108,0.0,0.0,0.7635,0.8367,0.0,0.7556,0.7556,0.0,0.0,0.4234,0.5391,0.7556,0.0,0.7556,0.7746,0.2765,0.7556,0.7556,0.7746,0.0,0.7746,0.433,0.0,0.0,0.7556,0.7556,0.7746,0.0,0.0,0.0,0.7655,0.0,0.7556,0.7746,0.3419,0.6375,0.7556,0.0,0.7746,0.7556,0.7556,0.7635,0.0,0.7556,0.5464,0.0,0.5758,0.484,0.7746,0.3511,0.7556,0.8367,0.7556,0.8367,0.7746,0.0,0.0,0.7746,0.0,0.0,0.0,0.7635,0.0,0.0,0.7556,0.0,0.0,0.7556,0.0,0.0,0.7556
0.7635,0.0,0.8019,0.2781,0.0,0.8019,0.0,0.0,0.0,0.7457,0.8019,0.0,0.7457,0.7457,0.8019,0.0,0.0,0.0,0.0,0.0,0.7543,0.7635,0.8019,0.0,0.0,0.0,0.0,0.0,0.0,0.0,0.7382,0.1407,0.0,0.0,0.7635,0.0,0.0,0.5545,0.0,0.0,0.7423,0.0,0.8019,0.0,0.7457,0.8019,0.0,0.8019,0.7635,0.0,0.0,0.7635,0.8019,0.7635,0.4147,0.8729,0.8019,0.0,0.433,0.7457,0.7382,0.7457,0.7975,0.0,0.0,0.7457,0.7382,0.0,0.0,0.7457,0.0,0.8019,0.3021,0.7382,0.7457,0.2739,0.7457,0.0,0.8019,0.7635,0.0,0.0,0.0,0.0,0.7635,0.8019,0.7457,0.3559,0.0,0.0,0.0,0.3742,0.7457,0.7382,0.7457,0.4345,0.0,0.7382,0.0,0.0,0.8019,0.39,0.0,0.8729,0.3948,0.8729,0.0,0.7635,0.7635,0.8019,0.0,0.0,0.0,0.0,0.0,0.8019,0.0,0.7635,0.0,0.3911,0.0,0.0,0.0
0.0,0.8019,0.0,0.0,0.0,0.0,0.7746,0.7746,0.2852,0.0,0.7746,0.0,0.0,0.0,0.0,0.7746,0.0,0.7746,0.0,0.0,0.3037,0.7746,0.7746,0.0,0.0,0.0,0.2852,0.4772,0.7868,0.0,0.4329,0.0,0.7746,0.7746,0.0,0.7746,0.0,0.3178,0.7746,0.461,0.8301,0.7868,0.0,0.0,0.7868,0.0,0.0,0.7746,0.2484,0.0,0.461,0.3953,0.0,0.0,0.8019,0.8167,0.0,0.7746,0.7746,0.0,0.0,0.4402,0.536,0.7868,0.0,0.7868,0.8167,0.2852,0.7746,0.7868,0.7746,0.0,0.7746,0.0,0.0,0.0,0.7868,0.7746,0.7746,0.0,0.0,0.0,0.7746,0.0,0.7746,0.7746,0.0,0.6615,0.7746,0.0,0.8167,0.7868,0.7868,0.8019,0.0,0.7868,0.5454,0.8167,0.6091,0.5185,0.7746,0.0,0.7868,0.8167,0.7868,0.8167,0.7746,0.0,0.0,0.7746,0.7868,0.0,0.0,0.8019,0.0,0.0,0.7746,0.0,0.0,0.7746,0.0,0.0,0.7868
0.3136,0.2781,0.0,0.0,0.5328,0.4868,0.0,0.0,0.3396,0.464,0.0,0.4558,0.567,0.4339,0.6257,0.5912,0.0,0.8081,0.3136,0.0,0.4208,0.0,0.3341,0.4985,0.0,0.0,0.0,0.2894,0.0,0.0,0.5772,0.3967,0.0,0.3714,0.592,0.429,0.0,0.5163,0.0,0.5569,0.5257,0.0,0.3341,0.3235,0.7772,0.0,0.3235,0.8521,0.4558,0.0,0.5528,0.0,0.4583,0.4558,0.1933,0.9138,0.0,0.0,0.5912,0.3876,0.4847,0.5119,0.6107,0.3876,0.0,0.4648,0.0,0.0,0.0,0.3876,0.0,0.0,0.0,0.4776,0.4086,0.5569,0.0,0.8081,0.8521,0.8081,0.5132,0.5007,0.6058,0.0,0.8081,0.8521,0.2819,0.1822,0.0,0.2672,0.3987,0.567,0.0,0.2987,0.3088,0.4339,0.5588,0.2918,0.501,0.5292,0.8521,0.2356,0.0,0.9138,0.0,0.9138,0.8521,0.0,0.0,0.8521,0.567,0.7772,0.567,0.0,0.0,0.8521,0.8081,0.0,0.0,0.0,0.7563,0.0,0.7772
0.0,0.0,0.0,0.5328,0.0,0.0,0.7556,0.7556,0.2374,0.0,0.7868,0.0,0.7457,0.0,0.7868,0.7556,0.0,0.7556,0.0,0.0,0.2926,0.0,0.0,0.3948,0.0,0.0,0.0,0.0,0.7457,0.0,0.3948,0.4198,0.7556,0.0,0.0,0.0,0.0,0.4271,0.7556,0.4648,0.0,0.0,0.0,0.0,0.7457,0.7868,0.0,0.7868,0.0,0.0,0.4991,0.0,0.3539,0.0,0.7457,0.8562,0.7868,0.7556,0.7556,0.0,0.0,0.0,0.5766,0.0,0.0,0.0,0.0,0.0,0.0,0.0,0.0,0.7868,0.0,0.0,0.0,0.5105,0.0,0.7556,0.7868,0.7556,0.3337,0.0,0.567,0.0,0.7556,0.7868,0.0,0.5319,0.0,0.0,0.751,0.7457,0.7457,0.7457,0.0,0.3395,0.5078,0.751,0.5301,0.4304,0.7868,0.0,0.0,0.8562,0.0,0.8562,0.7868,0.7556,0.7556,0.7868,0.7457,0.7457,0.7457,0.0,0.7457,0.7868,0.7556,0.7556,0.7556,0.7556,0.7457,0.7868,0.7457
0.0,0.8019,0.0,0.4868,0.0,0.0,0.7746,0.7746,0.5775,0.0,0.7746,0.7746,0.7868,0.0,0.7746,0.7746,0.0,0.7746,0.0,0.0,0.3037,0.0,0.0,0.0,0.0,0.0,0.0,0.0,0.7868,0.0,0.4329,0.0,0.7746,0.0,0.0,0.0,0.0,0.3375,0.7746,0.373,0.0,0.0,0.0,0.0,0.7868,0.7746,0.7746,0.7746,0.0,0.7746,0.461,0.0,0.167,0.0,0.8019,0.8167,0.7746,0.7746,0.7746,0.0,0.0,0.0,0.5809,0.0,0.0,0.0,0.0,0.0,0.0,0.0,0.0,0.7746,0.7746,0.0,0.0,0.461,0.0,0.7746,0.7746,0.7746,0.373,0.8019,0.5701,0.0,0.7746,0.7746,0.0,0.6075,0.0,0.0,0.8167,0.7868,0.7868,0.8019,0.0,0.0,0.5197,0.8167,0.588,0.4843,0.7746,0.8019,0.0,0.8167,0.0,0.8167,0.7746,0.7746,0.7746,0.7746,0.7868,0.7868,0.7868,0.0,0.7868,0.7746,0.7746,0.7746,0.7746,0.7746,0.8019,0.7746,0.7868
0.7556,0.0,0.7746,0.0,0.7556,0.7746,0.0,0.0,0.7556,0.0,0.0,0.7556,0.0,0.7556,0.7746,0.0,0.7556,0.0,0.0,0.7556,0.7556,0.7556,0.7746,0.7635,0.0,0.7746,0.7556,0.0,0.4549,0.0,0.7635,0.0,0.222,0.7556,0.7556,0.7556,0.7556,0.0,0.7556,0.0,0.3637,0.0,0.7746,0.0,0.7556,0.7746,0.7556,0.0,0.7556,0.7746,0.7635,0.0,0.7746,0.0,0.2847,0.0,0.0,0.2651,0.0,0.0,0.0,0.7556,0.0,0.0,0.7746,0.0,0.0,0.7556,0.0,0.0,0.0,0.7746,0.7746,0.7635,0.0,0.7635,0.0,0.7556,0.7746,0.7556,0.7635,0.7635,0.0,0.4657,0.7556,0.7746,0.7556,0.7925,0.7556,0.7861,0.4726,0.0,0.2765,0.0,0.7556,0.0,0.7836,0.7746,0.4124,0.0,0.7746,0.7635,0.7556,0.0,0.0,0.8367,0.7746,0.0,0.0,0.7746,0.0,0.7556,0.7556,0.7635,0.0,0.7746,0.0,0.0,0.7556,0.0,0.7635,0.7746,0.0
0.7556,0.0,0.7746,0.0,0.7556,0.7746,0.0,0.0,0.7556,0.0,0.0,0.7556,0.0,0.7556,0.7746,0.3295,0.0,0.0,0.7556,0.0,0.7556,0.7556,0.7746,0.0,0.7556,0.0,0.0,0.433,0.4234,0.3973,0.7635,0.0,0.3848,0.7556,0.7556,0.7556,0.0,0.0,0.7556,0.0,0.3637,0.7556,0.7746,0.7556,0.7556,0.7746,0.7556,0.0,0.7556,0.7746,0.0,0.0,0.7746,0.0,0.433,0.0,0.0,0.222,0.0,0.0,0.0,0.7556,0.0,0.0,0.0,0.0,0.0,0.0,0.7556,0.0,0.7746,0.7746,0.7746,0.7635,0.0,0.0,0.0,0.0,0.7746,0.7556,0.7635,0.0,0.3766,0.0,0.7556,0.7746,0.7556,0.5878,0.7556,0.7861,0.0,0.7556,0.2765,0.0,0.7556,0.7556,0.0,0.7746,0.4235,0.4519,0.7746,0.0,0.0,0.0,0.0,0.8367,0.0,0.0,0.0,0.7746,0.7556,0.0,0.0,0.0,0.0,0.7746,0.4108,0.0,0.7556,0.0,0.0,0.7746,0.0
0.4044,0.0,0.2852,0.3396,0.2374,0.5775,0.7556,0.7556,0.0,0.0,0.781,0.0,0.2915,0.0,0.0,0.7556,0.0,0.7556,0.0,0.0,0.2751,0.5563,0.5745,0.4337,0.5509,0.1978,0.2926,0.239,0.7503,0.0,0.0,0.3036,0.7556,0.5563,0.5563,0.0,0.0,0.0,0.7556,0.3115,0.0,0.7503,0.0,0.0,0.5509,0.0,0.4061,0.5775,0.2941,0.3911,0.3115,0.1949,0.5775,0.5563,0.7543,0.8468,0.0,0.7556,0.7556,0.5509,0.0,0.1944,0.5067,0.7503,0.5775,0.7503,0.7629,0.3337,0.5563,0.5509,0.781,0.0,0.0,0.0,0.0,0.2941,0.7503,0.7556,0.781,0.0,0.3092,0.3797,0.7727,0.5577,0.7556,0.781,0.0,0.5158,0.7556,0.0,0.7629,0.7503,0.7503,0.7543,0.5509,0.2753,0.5139,0.5608,0.5554,0.2852,0.5775,0.4272,0.7503,0.8468,0.7503,0.8468,0.781,0.0,0.0,0.5775,0.5527,0.0,0.0,0.7543,0.0,0.0,0.7556,0.0,0.0,0.7556,0.2941,0.0,0.7503
0.3973,0.7457,0.0,0.464,0.0,0.0,0.0,0.0,0.0,0.0,0.0,0.7556,0.0,0.7457,0.7868,0.7556,0.7556,0.7556,0.3973,0.7556,0.0,0.7556,0.0,0.4345,0.0,0.751,0.0,0.0,0.0,0.7457,0.3948,0.0,0.0,0.7556,0.0,0.7556,0.7556,0.5718,0.0,0.0,0.2825,0.7457,0.0,0.2765,0.7457,0.7868,0.0,0.7868,0.0,0.7868,0.0,0.0,0.0,0.4385,0.0,0.8562,0.0,0.0,0.7556,0.3936,0.7457,0.0,0.5766,0.0,0.0,0.0,0.751,0.0,0.7556,0.0,0.7868,0.7868,0.7868,0.0,0.0,0.0,0.7457,0.7556,0.7868,0.7556,0.0,0.7457,0.7714,0.0,0.7556,0.0,0.3395,0.5797,0.0,0.7589,0.0,0.7457,0.0,0.0,0.0,0.7457,0.618,0.0,0.2874,0.0,0.7868,0.2767,0.7457,0.8562,0.7457,0.8562,0.7868,0.0,0.0,0.7868,0.0,0.7457,0.7457,0.7457,0.0,0.7868,0.7556,0.0,0.7556,0.7556,0.7457,0.7868,0.7457
0.7746,0.8019,0.7746,0.0,0.7868,0.7746,0.0,0.0,0.781,0.0,0.0,0.7746,0.7868,0.7868,0.7746,0.7746,0.7746,0.0,0.7746,0.7746,0.781,0.7746,0.7746,0.8019,0.0,0.8167,0.7868,0.8019,0.4126,0.7868,0.8019,0.8019,0.0,0.7746,0.7746,0.7746,0.7746,0.8526,0.7746,0.8019,0.0,0.0,0.7746,0.7746,0.0,0.7746,0.7746,0.7746,0.7746,0.7746,0.8019,0.7746,0.7746,0.3953,0.0,0.8167,0.0,0.0,0.7746,0.4402,0.8019,0.7868,0.7931,0.0,0.7746,0.4126,0.8167,0.7868,0.7746,0.0,0.7746,0.7746,0.7746,0.8019,0.0,0.8019,0.0,0.7746,0.7746,0.7746,0.8019,0.8019,0.7746,0.0,0.7746,0.7746,0.7868,0.8093,0.7746,0.8301,0.4725,0.7868,0.4564,0.0,0.7868,0.7868,0.7981,0.8167,0.0,0.842,0.7746,0.8019,0.7868,0.8167,0.7868,0.8167,0.7746,0.0,0.0,0.7746,0.0,0.7868,0.7868,0.8019,0.0,0.7746,0.7746,0.0,0.7746,0.7746,0.8019,0.7746,0.7868
0.0,0.0,0.0,0.4558,0.0,0.7746,0.7556,0.7556,0.0,0.7556,0.7746,0.0,0.0,0.0,0.0,0.7556,0.0,0.7556,0.7556,0.0,0.0,0.7556,0.7746,0.0,0.7556,0.0,0.0,0.0,0.7556,0.0,0.0,0.0,0.7556,0.7556,0.0,0.0,0.0,0.0,0.0,0.2847,0.0,0.7556,0.7746,0.7556,0.7556,0.3683,0.4108,0.7746,0.0,0.3683,0.2847,0.0,0.7746,0.7556,0.7635,0.8367,0.0,0.7556,0.7556,0.7556,0.0,0.2765,0.5844,0.7556,0.7746,0.0,0.7746,0.0,0.7556,0.7556,0.7746,0.3683,0.0,0.0,0.0,0.0,0.7556,0.7556,0.7746,0.0,0.0,0.5236,0.7655,0.7746,0.7556,0.7746,0.7556,0.5402,0.7556,0.0,0.0,0.7556,0.7556,0.7635,0.7556,0.0,0.5749,0.0,0.5861,0.4673,0.7746,0.407,0.7556,0.8367,0.7556,0.8367,0.7746,0.0,0.0,0.7746,0.7556,0.0,0.0,0.7635,0.0,0.0,0.7556,0.0,0.0,0.7556,0.0,0.0,0.7556
0.3419,0.7457,0.0,0.567,0.7457,0.7868,0.0,0.0,0.2915,0.0,0.7868,0.0,0.0,0.0,0.0,0.0,0.0,0.0,0.0,0.0,0.2759,0.7556,0.0,0.0,0.7457,0.0,0.4189,0.4345,0.0,0.4189,0.4198,0.7457,0.0,0.7556,0.7556,0.7556,0.0,0.4086,0.7556,0.0,0.4745,0.7457,0.0,0.0,0.7457,0.0,0.2765,0.0,0.0,0.0,0.0,0.0,0.7868,0.7556,0.7457,0.0,0.0,0.0,0.7556,0.0,0.3948,0.0,0.0,0.0,0.7868,0.7457,0.0,0.0,0.7556,0.0,0.7868,0.0,0.7868,0.4198,0.0,0.7457,0.0,0.0,0.0,0.3973,0.7457,0.0,0.0,0.0,0.0,0.7868,0.0,0.5797,0.7556,0.4412,0.751,0.7457,0.0,0.7457,0.7457,0.7457,0.5261,0.0,0.0,0.3842,0.0,0.3409,0.7457,0.0,0.7457,0.0,0.0,0.0,0.0,0.0,0.0,0.0,0.0,0.7457,0.0,0.0,0.3419,0.0,0.0,0.7556,0.0,0.0,0.7457
0.0,0.7457,0.0,0.4339,0.0,0.0,0.7556,0.7556,0.0,0.7457,0.7868,0.0,0.0,0.0,0.0,0.7556,0.3973,0.7556,0.7556,0.2765,0.2759,0.3419,0.0,0.7457,0.7457,0.3453,0.0,0.0,0.7457,0.2753,0.1886,0.7457,0.7556,0.3419,0.3973,0.0,0.4234,0.0,0.0,0.2767,0.5747,0.0,0.7868,0.7556,0.0,0.4126,0.0,0.0,0.3973,0.0,0.2767,0.0,0.0,0.7556,0.7457,0.8562,0.0,0.7556,0.7556,0.7457,0.0,0.2753,0.5835,0.0,0.7868,0.4339,0.0,0.3395,0.3419,0.4189,0.0,0.4126,0.7868,0.0,0.3395,0.0,0.0,0.7556,0.7868,0.0,0.3409,0.4345,0.567,0.751,0.7556,0.7868,0.7457,0.5797,0.0,0.4412,0.0,0.7457,0.7457,0.7457,0.7457,0.3936,0.5472,0.0,0.2947,0.556,0.0,0.0,0.0,0.8562,0.0,0.8562,0.7868,0.0,0.0,0.0,0.7457,0.0,0.0,0.0,0.0,0.0,0.7556,0.0,0.0,0.7556,0.4198,0.0,0.7457
0.0,0.8019,0.0,0.6257,0.7868,0.7746,0.7746,0.7746,0.0,0.7868,0.7746,0.0,0.0,0.0,0.0,0.0,0.0,0.7746,0.7746,0.0,0.0,0.7746,0.7746,0.8019,0.7868,0.0,0.0,0.0,0.7868,0.0,0.0,0.8019,0.7746,0.7746,0.7746,0.7746,0.0,0.4585,0.7746,0.0,0.8301,0.7868,0.7746,0.7746,0.7868,0.0,0.0,0.7746,0.0,0.0,0.0,0.0,0.7746,0.7746,0.0,0.8167,0.0,0.7746,0.0,0.7868,0.4329,0.0,0.5916,0.7868,0.7746,0.7868,0.8167,0.0,0.7746,0.7868,0.7746,0.0,0.7746,0.0,0.0,0.8019,0.7868,0.7746,0.7746,0.0,0.8019,0.3021,0.7746,0.8167,0.7746,0.7746,0.7868,0.6075,0.7746,0.0,0.8167,0.0,0.7868,0.0,0.0,0.7868,0.584,0.8167,0.6091,0.0,0.7746,0.0,0.7868,0.8167,0.7868,0.8167,0.7746,0.0,0.0,0.7746,0.7868,0.0,0.3539,0.8019,0.0,0.0,0.7746,0.0,0.2484,0.7746,0.0,0.0,0.7868
0.7556,0.0,0.7746,0.5912,0.7556,0.7746,0.0,0.3295,0.7556,0.7556,0.7746,0.7556,0.0,0.7556,0.0,0.0,0.0,0.0,0.7556,0.0,0.7556,0.7556,0.7746,0.0,0.7556,0.0,0.0,0.3627,0.0,0.3419,0.7635,0.0,0.0,0.7556,0.7556,0.7556,0.0,0.3714,0.7556,0.0,0.0,0.7556,0.7746,0.7556,0.7556,0.7746,0.7556,0.0,0.7556,0.7746,0.0,0.0,0.7746,0.7556,0.3511,0.0,0.7746,0.3295,0.0,0.0,0.407,0.0,0.0,0.3419,0.0,0.7556,0.0,0.0,0.7556,0.0,0.7746,0.7746,0.7746,0.7635,0.7556,0.0,0.0,0.0,0.7746,0.7556,0.7635,0.407,0.321,0.0,0.7556,0.7746,0.7556,0.5878,0.7556,0.7861,0.7746,0.0,0.0,0.0,0.0,0.7556,0.0,0.7746,0.441,0.4254,0.7746,0.0,0.0,0.0,0.0,0.8367,0.0,0.0,0.0,0.7746,0.7556,0.0,0.4234,0.0,0.3419,0.7746,0.3848,0.7556,0.0,0.0,0.0,0.7746,0.0
0.0,0.0,0.0,0.0,0.0,0.0,0.7556,0.0,0.0,0.7556,0.7746,0.0,0.0,0.3973,0.0,0.0,0.0,0.7556,0.7556,0.292,0.4171,0.0,0.0,0.0,0.7556,0.4827,0.2765,0.3511,0.7556,0.4098,0.407,0.0,0.7556,0.0,0.0,0.0,0.222,0.4293,0.7556,0.433,0.0,0.0,0.7746,0.7556,0.7556,0.0,0.0,0.7746,0.0,0.0,0.4576,0.0,0.0,0.7556,0.0,0.8367,0.0,0.0,0.0,0.7556,0.407,0.0,0.5844,0.4234,0.0,0.0,0.0,0.2765,0.0,0.0,0.0,0.0,0.7746,0.407,0.3419,0.433,0.0,0.0,0.7746,0.0,0.0,0.2847,0.2753,0.7746,0.7556,0.7746,0.7556,0.6724,0.0,0.3637,0.7746,0.7556,0.7556,0.7635,0.7556,0.0,0.2557,0.7746,0.2931,0.5441,0.7746,0.3855,0.4385,0.8367,0.4234,0.8367,0.0,0.0,0.0,0.7746,0.7556,0.3419,0.3973,0.407,0.3419,0.0,0.0,0.0,0.0,0.0,0.2847,0.0,0.0
0.7556,0.0,0.7746,0.8081,0.7556,0.7746,0.0,0.0,0.7556,0.7556,0.0,0.7556,0.0,0.7556,0.7746,0.0,0.7556,0.0,0.0,0.7556,0.7556,0.7556,0.7746,0.7635,0.4385,0.7746,0.7556,0.0,0.4791,0.0,0.7635,0.0,0.2651,0.7556,0.7556,0.7556,0.7556,0.0,0.7556,0.0,0.0,0.448,0.7746,0.0,0.0,0.7746,0.7556,0.0,0.7556,0.7746,0.7635,0.0,0.7746,0.0,0.3511,0.0,0.7746,0.0,0.0,0.0,0.0,0.7556,0.0,0.0,0.7746,0.0,0.0,0.7556,0.0,0.0,0.0,0.7746,0.7746,0.7635,0.7556,0.7635,0.2765,0.7556,0.7746,0.7556,0.7635,0.7635,0.0,0.5549,0.7556,0.7746,0.7556,0.7925,0.7556,0.7861,0.4561,0.0,0.2765,0.7635,0.7556,0.0,0.7836,0.7746,0.2944,0.0,0.7746,0.7635,0.7556,0.0,0.0,0.8367,0.7746,0.0,0.0,0.7746,0.3419,0.7556,0.7556,0.7635,0.0,0.7746,0.0,0.7556,0.7556,0.0,0.7635,0.7746,0.0
0.0,0.0,0.0,0.3136,0.0,0.0,0.0,0.7556,0.0,0.3973,0.7746,0.7556,0.0,0.7556,0.7746,0.7556,0.7556,0.0,0.0,0.7556,0.2765,0.7556,0.0,0.3511,0.4385,0.7746,0.0,0.0,0.0,0.7556,0.407,0.4481,0.0,0.7556,0.0,0.7556,0.7556,0.5971,0.7556,0.0,0.0,0.0,0.3683,0.292,0.7556,0.7746,0.0,0.7746,0.0,0.7746,0.0,0.0,0.0,0.0,0.0,0.8367,0.7746,0.7556,0.0,0.0,0.7635,0.0,0.5727,0.7556,0.0,0.7556,0.7746,0.0,0.0,0.7556,0.0,0.7746,0.7746,0.0,0.7556,0.0,0.7556,0.7556,0.7746,0.7556,0.0,0.7635,0.7655,0.3581,0.7556,0.7746,0.3419,0.5878,0.7556,0.7861,0.0,0.0,0.7556,0.7635,0.0,0.0,0.6165,0.0,0.3171,0.0,0.7746,0.0,0.7556,0.8367,0.0,0.8367,0.7746,0.7556,0.7556,0.7746,0.3419,0.7556,0.7556,0.7635,0.7556,0.7746,0.7556,0.7556,0.7556,0.0,0.7635,0.7746,0.0
0.0,0.0,0.0,0.0,0.0,0.0,0.7556,0.0,0.0,0.7556,0.7746,0.0,0.0,0.2765,0.0,0.0,0.292,0.7556,0.7556,0.0,0.3357,0.0,0.0,0.0,0.7556,0.0,0.0,0.2847,0.7556,0.0,0.2847,0.0,0.7556,0.0,0.0,0.0,0.083,0.3022,0.7556,0.3511,0.0,0.0,0.7746,0.7556,0.7556,0.0,0.0,0.7746,0.4108,0.0,0.0,0.0,0.0,0.7556,0.0,0.8367,0.0,0.0,0.0,0.7556,0.2847,0.0,0.5844,0.2765,0.0,0.0,0.0,0.0,0.0,0.0,0.0,0.0,0.7746,0.2847,0.3973,0.2847,0.0,0.0,0.7746,0.0,0.0,0.0,0.0,0.7746,0.7556,0.7746,0.7556,0.6654,0.0,0.4719,0.7746,0.7556,0.7556,0.7635,0.7556,0.0,0.1466,0.7746,0.0,0.4099,0.7746,0.3511,0.3419,0.8367,0.2765,0.8367,0.0,0.0,0.0,0.7746,0.7556,0.2765,0.3419,0.0,0.2765,0.0,0.0,0.0,0.0,0.0,0.0,0.0,0.0
0.3484,0.7543,0.3037,0.4208,0.2926,0.3037,0.7556,0.7556,0.2751,0.0,0.781,0.0,0.2759,0.2759,0.0,0.7556,0.4171,0.7556,0.2765,0.3357,0.0,0.0,0.0,0.3036,0.5509,0.3511,0.3021,0.2625,0.7503,0.3407,0.424,0.5527,0.7556,0.0,0.2941,0.0,0.4323,0.3505,0.7556,0.3944,0.2891,0.0,0.0,0.1949,0.7503,0.0,0.0,0.781,0.455,0.0,0.3854,0.2381,0.2852,0.5563,0.7543,0.8468,0.0,0.7556,0.7556,0.5509,0.2807,0.2374,0.5211,0.0,0.5775,0.0,0.0,0.3021,0.0,0.0,0.0,0.0,0.781,0.4427,0.3956,0.3036,0.0,0.7556,0.781,0.0,0.2767,0.0,0.5608,0.5577,0.7556,0.781,0.2374,0.5454,0.0,0.4612,0.7629,0.7503,0.7503,0.7543,0.5509,0.0,0.5141,0.0,0.5357,0.5145,0.781,0.2807,0.0,0.8468,0.0,0.8468,0.781,0.0,0.0,0.781,0.0,0.0,0.0,0.0,0.0,0.0,0.7556,0.0,0.0,0.7556,0.0,0.0,0.7503
0.7556,0.7635,0.7746,0.0,0.0,0.0,0.7556,0.7556,0.5563,0.7556,0.7746,0.7556,0.7556,0.3419,0.7746,0.7556,0.0,0.7556,0.7556,0.0,0.0,0.0,0.0,0.7635,0.7556,0.4145,0.7556,0.7635,0.7556,0.0,0.0,0.7635,0.7556,0.0,0.0,0.0,0.0,0.0,0.7556,0.0,0.4622,0.0,0.7746,0.7556,0.0,0.7746,0.7556,0.0,0.0,0.7746,0.0,0.7556,0.0,0.7556,0.7635,0.8367,0.7746,0.7556,0.7556,0.7556,0.0,0.7556,0.7899,0.0,0.7746,0.0,0.0,0.0,0.0,0.3973,0.0,0.7746,0.7746,0.3511,0.0,0.0,0.0,0.7556,0.7746,0.7556,0.0,0.7635,0.5626,0.7746,0.7556,0.7746,0.7556,0.7925,0.0,0.0,0.7746,0.7556,0.7556,0.7635,0.7556,0.3419,0.584,0.7746,0.5861,0.0,0.0,0.7635,0.0,0.8367,0.0,0.8367,0.7746,0.7556,0.7556,0.0,0.7556,0.7556,0.7556,0.0,0.7556,0.7746,0.7556,0.7556,0.7556,0.7556,0.0,0.7746,0.7556
0.0,0.8019,0.7746,0.3341,0.0,0.0,0.7746,0.7746,0.5745,0.0,0.7746,0.7746,0.0,0.0,0.7746,0.7746,0.0,0.7746,0.0,0.0,0.0,0.0,0.0,0.0,0.7868,0.0,0.7868,0.8019,0.7868,0.0,0.4329,0.8019,0.7746,0.0,0.0,0.0,0.0,0.0,0.7746,0.0,0.3169,0.0,0.0,0.0,0.7868,0.7746,0.0,0.7746,0.0,0.7746,0.0,0.7746,0.0,0.7746,0.8019,0.8167,0.7746,0.7746,0.7746,0.7868,0.0,0.7868,0.7931,0.0,0.7746,0.0,0.0,0.7868,0.0,0.0,0.0,0.7746,0.7746,0.4329,0.0,0.0,0.0,0.7746,0.7746,0.7746,0.0,0.8019,0.5701,0.8167,0.7746,0.7746,0.0,0.8093,0.0,0.0,0.8167,0.7868,0.7868,0.8019,0.7868,0.0,0.534,0.0,0.6213,0.0,0.7746,0.0,0.0,0.8167,0.0,0.8167,0.7746,0.7746,0.7746,0.7746,0.0,0.7868,0.7868,0.0,0.7868,0.7746,0.7746,0.7746,0.7746,0.7746,0.8019,0.7746,0.7868
0.3511,0.0,0.0,0.4985,0.3948,0.0,0.7635,0.0,0.4337,0.4345,0.8019,0.0,0.0,0.7457,0.8019,0.0,0.0,0.7635,0.3511,0.0,0.3036,0.7635,0.0,0.0,0.0,0.0,0.0,0.2739,0.7457,0.0,0.4289,0.2577,0.7635,0.7635,0.0,0.0,0.0,0.287,0.7635,0.4289,0.0,0.7457,0.4772,0.4578,0.7457,0.8019,0.433,0.8019,0.0,0.0,0.2342,0.0,0.0,0.0,0.0,0.8729,0.8019,0.0,0.0,0.0,0.7382,0.0,0.5835,0.0,0.0,0.7457,0.0,0.0,0.7635,0.7457,0.8019,0.8019,0.0,0.0,0.7457,0.3379,0.0,0.0,0.8019,0.7635,0.4147,0.0,0.0,0.0,0.7635,0.8019,0.4198,0.6234,0.7635,0.7423,0.7382,0.7457,0.7457,0.7382,0.0,0.0,0.2821,0.0,0.0,0.2761,0.8019,0.5098,0.4198,0.8729,0.2767,0.8729,0.0,0.7635,0.7635,0.8019,0.0,0.0,0.0,0.0,0.0,0.8019,0.0,0.7635,0.7635,0.0,0.0,0.8019,0.0
0.0,0.0,0.0,0.0,0.0,0.0,0.0,0.7556,0.5509,0.0,0.0,0.7556,0.7457,0.7457,0.7868,0.7556,0.7556,0.4385,0.4385,0.7556,0.5509,0.7556,0.7868,0.0,0.0,0.751,0.0,0.0,0.2753,0.7457,0.0,0.3948,0.0,0.7556,0.0,0.7556,0.7556,0.5718,0.7556,0.0,0.7589,0.152,0.0,0.3419,0.0,0.7868,0.7556,0.7868,0.0,0.7868,0.0,0.0,0.0,0.4234,0.4345,0.8562,0.7868,0.7556,0.0,0.3395,0.7457,0.0,0.5766,0.7457,0.0,0.0,0.751,0.0,0.0,0.7457,0.0,0.7868,0.7868,0.7457,0.0,0.0,0.0,0.7556,0.7868,0.7556,0.0,0.7457,0.7714,0.4015,0.7556,0.7868,0.0,0.5797,0.7556,0.7589,0.3439,0.0,0.0,0.7457,0.0,0.0,0.5661,0.751,0.2775,0.0,0.7868,0.7457,0.7457,0.8562,0.0,0.8562,0.7868,0.7556,0.7556,0.7868,0.4339,0.7457,0.7457,0.0,0.7457,0.7868,0.7556,0.7556,0.7556,0.0,0.7457,0.7868,0.0
0.0,0.0,0.0,0.0,0.0,0.0,0.7746,0.0,0.1978,0.751,0.8167,0.0,0.0,0.3453,0.0,0.0,0.4827,0.7746,0.7746,0.0,0.3511,0.4145,0.0,0.0,0.751,0.0,0.0,0.2735,0.751,0.0,0.2735,0.0,0.7746,0.4145,0.0,0.0,0.2475,0.2715,0.7746,0.3365,0.4361,0.0,0.8167,0.7746,0.0,0.0,0.0,0.0,0.4407,0.0,0.0,0.0,0.0,0.7746,0.0,0.8866,0.0,0.0,0.0,0.751,0.2735,0.0,0.595,0.2795,0.0,0.0,0.0,0.17,0.4145,0.4375,0.0,0.0,0.8167,0.3404,0.3979,0.2735,0.0,0.0,0.8167,0.0,0.3888,0.0,0.0,0.7335,0.7746,0.8167,0.751,0.6527,0.0,0.4296,0.7335,0.751,0.751,0.7382,0.751,0.4228,0.1841,0.7335,0.0,0.3682,0.0,0.3365,0.3439,0.8866,0.2795,0.8866,0.0,0.0,0.0,0.0,0.751,0.2795,0.3439,0.0,0.2795,0.0,0.0,0.0,0.0,0.0,0.1716,0.0,0.0
0.2765,0.0,0.2852,0.0,0.0,0.0,0.7556,0.0,0.2926,0.0,0.7868,0.0,0.4189,0.0,0.0,0.0,0.2765,0.7556,0.0,0.0,0.3021,0.7556,0.7868,0.0,0.0,0.0,0.0,0.3785,0.7457,0.0,0.4198,0.0,0.7556,0.7556,0.0,0.7556,0.0,0.3019,0.7556,0.4345,0.0,0.7457,0.0,0.0,0.7457,0.0,0.0,0.7868,0.3419,0.0,0.231,0.4385,0.0,0.0,0.0,0.8562,0.0,0.0,0.0,0.0,0.0,0.4339,0.5508,0.0,0.0,0.7457,0.0,0.0,0.7556,0.7457,0.7868,0.0,0.7868,0.0,0.0,0.2767,0.7457,0.3419,0.0,0.376,0.0,0.0,0.0,0.0,0.0,0.7868,0.0,0.69,0.7556,0.462,0.751,0.7457,0.7457,0.7457,0.0,0.7457,0.192,0.751,0.0,0.4252,0.0,0.3409,0.0,0.8562,0.0,0.0,0.4126,0.0,0.0,0.0,0.7457,0.2753,0.3395,0.0,0.2753,0.0,0.3973,0.0,0.0,0.0,0.0,0.0,0.0
0.4481,0.0,0.4772,0.2894,0.0,0.0,0.0,0.433,0.239,0.0,0.8019,0.0,0.4345,0.0,0.0,0.3627,0.3511,0.0,0.0,0.2847,0.2625,0.7635,0.8019,0.2739,0.0,0.2735,0.3785,0.0,0.0,0.3185,0.3372,0.2739,0.0,0.7635,0.0,0.7635,0.2847,0.5093,0.7635,0.5144,0.0,0.7457,0.0,0.0,0.7457,0.0,0.0,0.0,0.4578,0.0,0.3216,0.5236,0.0,0.0,0.3372,0.0,0.0,0.2847,0.0,0.4345,0.4762,0.1628,0.4144,0.4198,0.3021,0.7457,0.0,0.3785,0.7635,0.0,0.8019,0.0,0.8019,0.0,0.0,0.3372,0.0,0.0,0.8019,0.0,0.0,0.3914,0.2935,0.4429,0.7635,0.8019,0.0,0.7151,0.7635,0.0,0.7382,0.0,0.0,0.0,0.4198,0.7457,0.2731,0.7382,0.4098,0.5181,0.8019,0.3696,0.0,0.0,0.0,0.8729,0.0,0.4481,0.4481,0.8019,0.7457,0.3409,0.4759,0.0,0.4952,0.0,0.3511,0.0,0.2847,0.0,0.2739,0.0,0.0
0.7556,0.0,0.7868,0.0,0.7457,0.7868,0.4549,0.4234,0.7503,0.0,0.4126,0.7556,0.0,0.7457,0.7868,0.0,0.7556,0.4791,0.0,0.7556,0.7503,0.7556,0.7868,0.7457,0.2753,0.751,0.7457,0.0,0.0,0.0,0.7457,0.0,0.3335,0.7556,0.7556,0.7556,0.7556,0.0,0.7556,0.0,0.4505,0.3395,0.7868,0.0,0.0,0.7868,0.7556,0.0,0.7556,0.7868,0.7457,0.0,0.7868,0.2765,0.4528,0.0,0.0,0.4385,0.0,0.4357,0.0,0.7457,0.0,0.4189,0.7868,0.0,0.0,0.7457,0.0,0.4189,0.0,0.7868,0.7868,0.7457,0.0,0.7457,0.4189,0.7556,0.7868,0.7556,0.7457,0.7457,0.0,0.2403,0.7556,0.7868,0.7457,0.7861,0.7556,0.7589,0.4015,0.0,0.4787,0.0,0.7457,0.0,0.7874,0.751,0.568,0.0,0.7868,0.7457,0.7457,0.0,0.0,0.8562,0.7868,0.4234,0.4234,0.7868,0.4189,0.7457,0.7457,0.7457,0.4189,0.7868,0.0,0.0,0.7556,0.0,0.7457,0.7868,0.0
0.0,0.0,0.0,0.0,0.0,0.0,0.0,0.3973,0.0,0.7457,0.7868,0.0,0.4189,0.2753,0.0,0.3419,0.4098,0.0,0.7556,0.0,0.3407,0.0,0.0,0.0,0.7457,0.0,0.0,0.3185,0.0,0.0,0.2767,0.0,0.0,0.0,0.0,0.0,0.1933,0.4119,0.7556,0.4952,0.4569,0.0,0.7868,0.7556,0.7457,0.0,0.0,0.0,0.4234,0.0,0.0,0.4234,0.0,0.7556,0.0,0.0,0.0,0.0,0.0,0.0,0.3619,0.0,0.311,0.4426,0.0,0.0,0.4228,0.0,0.0,0.4339,0.0,0.0,0.7868,0.2767,0.3936,0.2767,0.443,0.0,0.7868,0.0,0.0,0.0,0.1703,0.0,0.7556,0.7868,0.7457,0.655,0.0,0.4505,0.751,0.7457,0.0,0.7457,0.7457,0.0,0.1681,0.751,0.1917,0.4704,0.7868,0.3409,0.3395,0.0,0.2753,0.8562,0.0,0.4234,0.4234,0.7868,0.7457,0.2753,0.3395,0.0,0.4357,0.0,0.2765,0.0,0.0,0.0,0.0,0.0,0.0
0.5064,0.7382,0.4329,0.5772,0.3948,0.4329,0.7635,0.7635,0.0,0.3948,0.8019,0.0,0.4198,0.1886,0.0,0.7635,0.407,0.7635,0.407,0.2847,0.424,0.0,0.4329,0.4289,0.0,0.2735,0.4198,0.3372,0.7457,0.2767,0.0,0.0,0.7635,0.0,0.4446,0.0,0.433,0.1712,0.0,0.3645,0.5396,0.0,0.4329,0.433,0.7457,0.4329,0.407,0.8019,0.5064,0.0,0.3367,0.2847,0.373,0.0,0.7382,0.8729,0.0,0.7635,0.7635,0.0,0.1915,0.3337,0.519,0.0,0.0,0.4436,0.0,0.4198,0.0,0.0,0.0,0.4329,0.8019,0.1274,0.3409,0.4147,0.0,0.7635,0.8019,0.0,0.3372,0.4289,0.5749,0.0,0.7635,0.8019,0.3409,0.6666,0.0,0.4283,0.0,0.7457,0.7457,0.7382,0.0,0.0,0.5359,0.4132,0.3703,0.6009,0.8019,0.4147,0.0,0.8729,0.0,0.8729,0.8019,0.0,0.0,0.8019,0.0,0.0,0.0,0.0,0.0,0.0,0.7635,0.0,0.0,0.7635,0.0,0.0,0.7457
0.0,0.1407,0.0,0.3967,0.4198,0.0,0.0,0.0,0.3036,0.0,0.8019,0.0,0.7457,0.7457,0.8019,0.0,0.0,0.0,0.4481,0.0,0.5527,0.7635,0.8019,0.2577,0.3948,0.0,0.0,0.2739,0.0,0.0,0.0,0.0,0.0,0.0,0.0,0.0,0.0,0.2961,0.0,0.438,0.7423,0.0,0.0,0.3511,0.7457,0.8019,0.0,0.8019,0.0,0.0,0.2577,0.0,0.0,0.0,0.4147,0.8729,0.8019,0.0,0.433,0.0,0.7382,0.0,0.5835,0.0,0.0,0.7457,0.7382,0.0,0.0,0.7457,0.0,0.8019,0.3021,0.7382,0.7457,0.381,0.7457,0.0,0.8019,0.7635,0.4289,0.0,0.0,0.4429,0.7635,0.8019,0.0,0.4008,0.7635,0.0,0.0,0.0,0.7457,0.7382,0.0,0.3409,0.0,0.7382,0.1525,0.2761,0.8019,0.39,0.0,0.8729,0.3948,0.8729,0.0,0.7635,0.7635,0.8019,0.0,0.0,0.0,0.0,0.0,0.8019,0.0,0.7635,0.0,0.3911,0.0,0.0,0.0
0.7556,0.0,0.7746,0.0,0.7556,0.7746,0.222,0.3848,0.7556,0.0,0.0,0.7556,0.0,0.7556,0.7746,0.0,0.7556,0.2651,0.0,0.7556,0.7556,0.7556,0.7746,0.7635,0.0,0.7746,0.7556,0.0,0.3335,0.0,0.7635,0.0,0.0,0.7556,0.7556,0.7556,0.7556,0.0,0.7556,0.0,0.4622,0.0,0.7746,0.0,0.7556,0.7746,0.7556,0.0,0.7556,0.7746,0.7635,0.0,0.7746,0.0,0.0,0.0,0.0,0.4108,0.0,0.3973,0.0,0.7556,0.0,0.3973,0.7746,0.0,0.0,0.7556,0.0,0.3973,0.0,0.7746,0.7746,0.7635,0.0,0.7635,0.0,0.7556,0.7746,0.7556,0.7635,0.7635,0.0,0.4726,0.7556,0.7746,0.7556,0.7925,0.7556,0.7861,0.4657,0.0,0.4234,0.0,0.7556,0.0,0.7836,0.7746,0.5353,0.0,0.7746,0.7635,0.7556,0.0,0.0,0.8367,0.7746,0.3848,0.3848,0.7746,0.0,0.7556,0.7556,0.7635,0.3973,0.7746,0.0,0.0,0.7556,0.0,0.7635,0.7746,0.0
0.7556,0.0,0.7746,0.3714,0.0,0.0,0.7556,0.7556,0.5563,0.7556,0.7746,0.7556,0.7556,0.3419,0.7746,0.7556,0.0,0.7556,0.7556,0.0,0.0,0.0,0.0,0.7635,0.7556,0.4145,0.7556,0.7635,0.7556,0.0,0.0,0.0,0.7556,0.0,0.0,0.0,0.0,0.0,0.0,0.0,0.4622,0.0,0.7746,0.7556,0.0,0.7746,0.7556,0.0,0.0,0.7746,0.0,0.7556,0.0,0.7556,0.7635,0.8367,0.7746,0.7556,0.7556,0.7556,0.0,0.7556,0.7899,0.0,0.7746,0.0,0.0,0.0,0.0,0.3973,0.0,0.7746,0.0,0.3511,0.0,0.0,0.0,0.7556,0.7746,0.7556,0.0,0.7635,0.5626,0.7746,0.7556,0.7746,0.7556,0.0,0.0,0.4204,0.7746,0.7556,0.7556,0.7635,0.7556,0.3419,0.584,0.7746,0.5861,0.0,0.0,0.7635,0.0,0.8367,0.0,0.8367,0.7746,0.7556,0.7556,0.0,0.7556,0.7556,0.7556,0.0,0.7556,0.7746,0.7556,0.7556,0.0,0.0,0.0,0.0,0.7556
0.0,0.7635,0.0,0.592,0.0,0.0,0.7556,0.7556,0.5563,0.0,0.7746,0.0,0.7556,0.3973,0.7746,0.7556,0.0,0.7556,0.0,0.0,0.2941,0.0,0.0,0.0,0.0,0.0,0.0,0.0,0.7556,0.0,0.4446,0.0,0.7556,0.0,0.0,0.0,0.0,0.4054,0.0,0.3511,0.4719,0.0,0.0,0.0,0.7556,0.0,0.7556,0.7746,0.0,0.7746,0.433,0.0,0.312,0.0,0.7635,0.8367,0.7746,0.7556,0.7556,0.0,0.407,0.4234,0.5727,0.0,0.0,0.4385,0.0,0.0,0.0,0.0,0.0,0.0,0.7746,0.407,0.0,0.433,0.0,0.7556,0.7746,0.7556,0.3511,0.0,0.5626,0.0,0.7556,0.7746,0.0,0.5878,0.0,0.0,0.0,0.7556,0.7556,0.7635,0.0,0.0,0.5086,0.0,0.3932,0.5861,0.7746,0.7635,0.0,0.8367,0.0,0.8367,0.7746,0.7556,0.7556,0.7746,0.7556,0.7556,0.7556,0.0,0.7556,0.7746,0.7556,0.7556,0.7556,0.7556,0.7635,0.7746,0.7556
0.7556,0.0,0.7746,0.429,0.0,0.0,0.7556,0.7556,0.0,0.7556,0.7746,0.0,0.7556,0.0,0.7746,0.7556,0.0,0.7556,0.7556,0.0,0.0,0.0,0.0,0.0,0.7556,0.0,0.7556,0.7635,0.7556,0.0,0.0,0.0,0.7556,0.0,0.0,0.0,0.0,0.2574,0.7556,0.407,0.0,0.0,0.7746,0.7556,0.7556,0.7746,0.0,0.7746,0.0,0.0,0.407,0.7556,0.0,0.7556,0.7635,0.8367,0.7746,0.7556,0.7556,0.7556,0.0,0.7556,0.7899,0.0,0.7746,0.0,0.0,0.7556,0.0,0.0,0.0,0.7746,0.0,0.0,0.0,0.433,0.0,0.7556,0.7746,0.7556,0.0,0.0,0.5626,0.7746,0.7556,0.7746,0.7556,0.574,0.0,0.0,0.7746,0.7556,0.7556,0.7635,0.7556,0.3419,0.584,0.7746,0.5861,0.0,0.7746,0.0,0.0,0.8367,0.0,0.8367,0.7746,0.7556,0.7556,0.7746,0.7556,0.7556,0.7556,0.0,0.7556,0.7746,0.7556,0.7556,0.7556,0.7556,0.7635,0.7746,0.7556
0.0,0.0,0.0,0.0,0.0,0.0,0.7556,0.0,0.0,0.7556,0.7746,0.0,0.0,0.4234,0.0,0.0,0.222,0.7556,0.7556,0.083,0.4323,0.0,0.0,0.0,0.7556,0.2475,0.0,0.2847,0.7556,0.1933,0.433,0.0,0.7556,0.0,0.0,0.0,0.0,0.4558,0.7556,0.4481,0.0,0.0,0.7746,0.7556,0.7556,0.0,0.0,0.7746,0.2651,0.0,0.2292,0.0,0.0,0.7556,0.0,0.8367,0.0,0.0,0.0,0.7556,0.433,0.0,0.5844,0.2765,0.0,0.0,0.0,0.0,0.0,0.0,0.0,0.0,0.7746,0.433,0.3973,0.2847,0.0,0.0,0.7746,0.0,0.0,0.0,0.0,0.7746,0.7556,0.7746,0.7556,0.6654,0.0,0.3985,0.7746,0.7556,0.7556,0.7635,0.7556,0.0,0.0,0.7746,0.0,0.4099,0.7746,0.3511,0.3419,0.8367,0.2765,0.8367,0.0,0.0,0.0,0.7746,0.7556,0.2765,0.3419,0.0,0.2765,0.0,0.0,0.0,0.0,0.0,0.0,0.0,0.0
0.298,0.5545,0.3178,0.5163,0.4271,0.3375,0.0,0.0,0.0,0.5718,0.8526,0.0,0.4086,0.0,0.4585,0.3714,0.4293,0.0,0.5971,0.3022,0.3505,0.0,0.0,0.287,0.5718,0.2715,0.3019,0.5093,0.0,0.4119,0.1712,0.2961,0.0,0.0,0.4054,0.2574,0.4558,0.0,0.5848,0.4399,0.4351,0.0,0.6321,0.5971,0.7772,0.3113,0.3164,0.0,0.5084,0.3176,0.3815,0.44,0.3178,0.5971,0.0,0.0,0.0,0.0,0.0,0.2015,0.2429,0.4503,0.3154,0.288,0.6321,0.3062,0.3848,0.3019,0.0,0.288,0.0,0.3113,0.6317,0.0,0.3539,0.4877,0.3539,0.8087,0.8526,0.0,0.4075,0.4957,0.2626,0.3006,0.8087,0.8526,0.5718,0.519,0.0,0.4156,0.5343,0.0,0.0,0.0,0.3019,0.2843,0.565,0.5343,0.4277,0.5699,0.8526,0.2747,0.0,0.0,0.0,0.9143,0.8526,0.4293,0.4293,0.8526,0.7772,0.0,0.3539,0.0,0.4086,0.0,0.0,0.0,0.4558,0.8087,0.0,0.0,0.7772
0.7556,0.0,0.7746,0.0,0.7556,0.7746,0.7556,0.7556,0.7556,0.0,0.7746,0.0,0.7556,0.0,0.7746,0.7556,0.7556,0.7556,0.7556,0.7556,0.7556,0.7556,0.7746,0.7635,0.7556,0.7746,0.7556,0.7635,0.7556,0.7556,0.0,0.0,0.7556,0.0,0.0,0.7556,0.7556,0.5848,0.0,0.7635,0.0,0.7556,0.7746,0.7556,0.7556,0.0,0.7556,0.7746,0.7556,0.7746,0.7635,0.7556,0.7746,0.7556,0.7635,0.8367,0.7746,0.7556,0.7556,0.7556,0.0,0.0,0.7899,0.7556,0.7746,0.0,0.7746,0.7556,0.7556,0.7556,0.7746,0.0,0.0,0.0,0.7556,0.7635,0.7556,0.7556,0.7746,0.7556,0.7635,0.0,0.7655,0.7746,0.7556,0.0,0.7556,0.0,0.0,0.0,0.0,0.7556,0.7556,0.7635,0.7556,0.7556,0.7836,0.0,0.5861,0.0,0.7746,0.0,0.7556,0.8367,0.7556,0.8367,0.7746,0.7556,0.7556,0.7746,0.7556,0.7556,0.7556,0.7635,0.7556,0.7746,0.7556,0.7556,0.0,0.0,0.7635,0.0,0.7556
0.433,0.0,0.461,0.5569,0.4648,0.373,0.0,0.0,0.3115,0.0,0.8019,0.2847,0.0,0.2767,0.0,0.0,0.433,0.0,0.0,0.3511,0.3944,0.0,0.0,0.4289,0.0,0.3365,0.4345,0.5144,0.0,0.4952,0.3645,0.438,0.0,0.0,0.3511,0.407,0.4481,0.4399,0.7635,0.0,0.3375,0.0,0.0,0.0,0.7457,0.0,0.4481,0.0,0.502,0.461,0.4398,0.0,0.461,0.0,0.7382,0.0,0.0,0.0,0.7635,0.0,0.4418,0.3409,0.0,0.0,0.0,0.0,0.3365,0.4345,0.0,0.0,0.0,0.0,0.0,0.2739,0.3948,0.5481,0.2767,0.7635,0.8019,0.0,0.5098,0.39,0.2044,0.4273,0.7635,0.8019,0.0,0.6329,0.0,0.4373,0.7382,0.7457,0.0,0.7382,0.0,0.4198,0.5452,0.7382,0.2725,0.5641,0.8019,0.4147,0.0,0.0,0.0,0.8729,0.8019,0.0,0.0,0.8019,0.7457,0.0,0.0,0.0,0.0,0.0,0.0,0.0,0.0,0.7635,0.0,0.0,0.7457
0.0,0.7423,0.8301,0.5257,0.0,0.0,0.3637,0.3637,0.0,0.2825,0.0,0.0,0.4745,0.5747,0.8301,0.0,0.0,0.0,0.0,0.0,0.2891,0.4622,0.3169,0.0,0.7589,0.4361,0.0,0.0,0.4505,0.4569,0.5396,0.7423,0.4622,0.4622,0.4719,0.0,0.0,0.4351,0.0,0.3375,0.0,0.0,0.0,0.0,0.0,0.0,0.0,0.4796,0.0,0.8301,0.0,0.0,0.0,0.0,0.0,0.0,0.0,0.3985,0.7861,0.3472,0.553,0.0,0.0,0.437,0.8301,0.5154,0.4859,0.0,0.4622,0.5037,0.0,0.0,0.8301,0.6052,0.4412,0.0,0.3805,0.0,0.0,0.0,0.4283,0.0,0.2828,0.0,0.0,0.8301,0.0,0.795,0.0,0.4169,0.4144,0.7589,0.3805,0.0,0.7589,0.4505,0.5466,0.4211,0.4848,0.545,0.0,0.0,0.0,0.0,0.0,0.0,0.0,0.3637,0.3637,0.0,0.0,0.7589,0.7589,0.0,0.3472,0.8301,0.0,0.0,0.7861,0.7861,0.0,0.8301,0.7589
0.7556,0.0,0.7868,0.0,0.0,0.0,0.0,0.7556,0.7503,0.7457,0.0,0.7556,0.7457,0.0,0.7868,0.7556,0.0,0.448,0.0,0.0,0.0,0.0,0.0,0.7457,0.152,0.0,0.7457,0.7457,0.3395,0.0,0.0,0.0,0.0,0.0,0.0,0.0,0.0,0.0,0.7556,0.0,0.0,0.0,0.7868,0.0,0.0,0.7868,0.7556,0.7868,0.0,0.7868,0.0,0.7556,0.0,0.0,0.4436,0.8562,0.7868,0.7556,0.0,0.0,0.0,0.7457,0.7874,0.0,0.7868,0.4189,0.0,0.7457,0.3973,0.0,0.2852,0.7868,0.7868,0.0,0.3936,0.0,0.443,0.7556,0.7868,0.7556,0.0,0.7457,0.567,0.3439,0.7556,0.7868,0.7457,0.7861,0.0,0.0,0.3771,0.0,0.0,0.7457,0.7457,0.4189,0.5831,0.751,0.3079,0.0,0.7868,0.7457,0.0,0.8562,0.4189,0.8562,0.7868,0.7556,0.7556,0.7868,0.443,0.7457,0.7457,0.3742,0.7457,0.7868,0.7556,0.7556,0.7556,0.0,0.7457,0.7868,0.0
0.3683,0.8019,0.0,0.3341,0.0,0.0,0.7746,0.7746,0.0,0.0,0.7746,0.7746,0.0,0.7868,0.7746,0.7746,0.7746,0.7746,0.3683,0.7746,0.0,0.7746,0.0,0.4772,0.0,0.8167,0.0,0.0,0.7868,0.7868,0.4329,0.0,0.7746,0.7746,0.0,0.7746,0.7746,0.6321,0.7746,0.0,0.0,0.7868,0.0,0.2484,0.7868,0.7746,0.0,0.7746,0.0,0.7746,0.0,0.0,0.0,0.0,0.8019,0.8167,0.7746,0.7746,0.7746,0.0,0.8019,0.0,0.5809,0.7868,0.0,0.7868,0.8167,0.0,0.7746,0.7868,0.7746,0.7746,0.7746,0.0,0.7868,0.0,0.7868,0.7746,0.7746,0.7746,0.0,0.8019,0.7746,0.0,0.7746,0.7746,0.3539,0.6075,0.7746,0.8301,0.8167,0.7868,0.7868,0.8019,0.0,0.7868,0.6388,0.0,0.6091,0.0,0.7746,0.0,0.7868,0.8167,0.7868,0.8167,0.7746,0.7746,0.7746,0.7746,0.0,0.7868,0.7868,0.8019,0.7868,0.7746,0.7746,0.7746,0.7746,0.7746,0.8019,0.7746,0.7868
0.4108,0.0,0.0,0.3235,0.0,0.0,0.0,0.7556,0.0,0.2765,0.7746,0.7556,0.0,0.7556,0.7746,0.7556,0.7556,0.0,0.292,0.7556,0.1949,0.7556,0.0,0.4578,0.3419,0.7746,0.0,0.0,0.0,0.7556,0.433,0.3511,0.0,0.7556,0.0,0.7556,0.7556,0.5971,0.7556,0.0,0.0,0.0,0.2484,0.0,0.7556,0.7746,0.0,0.7746,0.0,0.7746,0.0,0.0,0.0,0.0,0.0,0.8367,0.7746,0.7556,0.0,0.0,0.7635,0.0,0.5727,0.7556,0.0,0.7556,0.7746,0.0,0.0,0.7556,0.0,0.7746,0.7746,0.0,0.7556,0.0,0.7556,0.7556,0.7746,0.7556,0.0,0.7635,0.7655,0.4561,0.7556,0.7746,0.3973,0.5878,0.7556,0.7861,0.0,0.0,0.7556,0.7635,0.0,0.0,0.6321,0.0,0.25,0.0,0.7746,0.0,0.7556,0.8367,0.0,0.8367,0.7746,0.7556,0.7556,0.7746,0.2765,0.7556,0.7556,0.7635,0.7556,0.7746,0.7556,0.7556,0.7556,0.0,0.7635,0.7746,0.0
0.7556,0.7457,0.7868,0.7772,0.7457,0.7868,0.7556,0.7556,0.5509,0.7457,0.0,0.7556,0.7457,0.0,0.7868,0.7556,0.7556,0.0,0.7556,0.7556,0.7503,0.0,0.7868,0.7457,0.0,0.0,0.7457,0.7457,0.0,0.7457,0.7457,0.7457,0.7556,0.0,0.7556,0.7556,0.7556,0.7772,0.7556,0.7457,0.0,0.0,0.7868,0.7556,0.0,0.7868,0.7556,0.0,0.7556,0.7868,0.7457,0.7556,0.7868,0.0,0.0,0.8562,0.7868,0.7556,0.7556,0.0,0.7457,0.7457,0.7874,0.7457,0.7868,0.0,0.751,0.0,0.0,0.0,0.7868,0.7868,0.7868,0.0,0.7457,0.7457,0.0,0.7556,0.7868,0.7556,0.0,0.7457,0.7714,0.0,0.7556,0.7868,0.7457,0.7861,0.7556,0.7589,0.0,0.7457,0.0,0.7457,0.7457,0.0,0.7874,0.751,0.7603,0.7681,0.0,0.7457,0.7457,0.8562,0.7457,0.8562,0.7868,0.7556,0.7556,0.0,0.0,0.7457,0.7457,0.7457,0.7457,0.7868,0.7556,0.7556,0.7556,0.7556,0.0,0.7868,0.7457
0.0,0.8019,0.0,0.0,0.7868,0.7746,0.7746,0.7746,0.0,0.7868,0.7746,0.3683,0.0,0.4126,0.0,0.7746,0.0,0.7746,0.7746,0.0,0.0,0.7746,0.7746,0.8019,0.7868,0.0,0.0,0.0,0.7868,0.0,0.4329,0.8019,0.7746,0.7746,0.0,0.7746,0.0,0.3113,0.0,0.0,0.0,0.7868,0.7746,0.7746,0.7868,0.0,0.0,0.7746,0.0,0.0,0.0,0.0,0.7746,0.7746,0.8019,0.8167,0.0,0.7746,0.7746,0.7868,0.4329,0.4402,0.5916,0.7868,0.7746,0.0,0.8167,0.0,0.7746,0.7868,0.7746,0.0,0.7746,0.4329,0.0,0.8019,0.7868,0.7746,0.7746,0.0,0.8019,0.373,0.7746,0.8167,0.7746,0.7746,0.7868,0.6075,0.7746,0.0,0.0,0.7868,0.7868,0.8019,0.7868,0.7868,0.584,0.0,0.6213,0.3943,0.7746,0.0,0.7868,0.8167,0.7868,0.8167,0.7746,0.0,0.0,0.7746,0.7868,0.0,0.0,0.8019,0.0,0.0,0.7746,0.0,0.0,0.7746,0.0,0.0,0.7868
0.2651,0.0,0.0,0.3235,0.0,0.7746,0.7556,0.7556,0.4061,0.0,0.7746,0.4108,0.2765,0.0,0.0,0.7556,0.0,0.7556,0.0,0.0,0.0,0.7556,0.0,0.433,0.7556,0.0,0.0,0.0,0.7556,0.0,0.407,0.0,0.7556,0.7556,0.7556,0.0,0.0,0.3164,0.7556,0.4481,0.0,0.7556,0.0,0.0,0.7556,0.0,0.0,0.7746,0.0,0.2484,0.4481,0.0,0.7746,0.7556,0.7635,0.8367,0.0,0.7556,0.7556,0.7556,0.0,0.0,0.5844,0.7556,0.7746,0.7556,0.7746,0.0,0.7556,0.7556,0.7746,0.0,0.0,0.407,0.0,0.0,0.7556,0.7556,0.7746,0.0,0.0,0.4647,0.7655,0.7746,0.7556,0.7746,0.0,0.5571,0.7556,0.0,0.7746,0.7556,0.7556,0.7635,0.7556,0.0,0.5128,0.0,0.7861,0.0,0.7746,0.3911,0.7556,0.8367,0.7556,0.8367,0.7746,0.0,0.0,0.7746,0.0,0.0,0.0,0.7635,0.0,0.0,0.7556,0.0,0.0,0.7556,0.0,0.0,0.7556
0.7746,0.8019,0.7746,0.8521,0.7868,0.7746,0.0,0.0,0.5775,0.7868,0.7746,0.7746,0.0,0.0,0.7746,0.0,0.7746,0.0,0.7746,0.7746,0.781,0.0,0.7746,0.8019,0.7868,0.0,0.7868,0.0,0.0,0.0,0.8019,0.8019,0.0,0.0,0.7746,0.7746,0.7746,0.0,0.7746,0.0,0.4796,0.7868,0.7746,0.7746,0.0,0.7746,0.7746,0.0,0.7746,0.7746,0.8019,0.0,0.7746,0.7746,0.8019,0.0,0.7746,0.0,0.7746,0.0,0.0,0.7868,0.0,0.0,0.7746,0.7868,0.0,0.0,0.0,0.3539,0.7746,0.7746,0.7746,0.0,0.7868,0.8019,0.0,0.7746,0.7746,0.7746,0.0,0.8019,0.0,0.0,0.7746,0.7746,0.7868,0.8093,0.7746,0.8301,0.8167,0.7868,0.0,0.8019,0.7868,0.0,0.7981,0.8167,0.0,0.0,0.0,0.8019,0.7868,0.0,0.7868,0.8167,0.7746,0.0,0.0,0.0,0.7868,0.7868,0.7868,0.8019,0.0,0.7746,0.0,0.7746,0.7746,0.7746,0.0,0.7746,0.7868
0.2651,0.7635,0.2484,0.4558,0.0,0.0,0.7556,0.7556,0.2941,0.0,0.7746,0.0,0.0,0.3973,0.0,0.7556,0.0,0.7556,0.0,0.4108,0.455,0.0,0.0,0.0,0.0,0.4407,0.3419,0.4578,0.7556,0.4234,0.5064,0.0,0.7556,0.0,0.0,0.0,0.2651,0.5084,0.7556,0.502,0.0,0.0,0.0,0.0,0.7556,0.0,0.0,0.7746,0.0,0.0,0.537,0.4261,0.312,0.0,0.7635,0.8367,0.0,0.7556,0.7556,0.0,0.407,0.4385,0.5435,0.0,0.0,0.0,0.0,0.3419,0.0,0.0,0.0,0.0,0.7746,0.407,0.3419,0.433,0.0,0.7556,0.7746,0.0,0.3511,0.0,0.5626,0.0,0.7556,0.7746,0.0,0.6546,0.0,0.3637,0.7746,0.7556,0.7556,0.7635,0.0,0.0,0.472,0.7746,0.5525,0.5967,0.7746,0.0,0.0,0.8367,0.0,0.8367,0.7746,0.0,0.0,0.7746,0.7556,0.0,0.0,0.0,0.0,0.0,0.7556,0.0,0.0,0.7556,0.0,0.0,0.7556
0.0,0.0,0.0,0.0,0.0,0.7746,0.7746,0.7746,0.3911,0.7868,0.7746,0.3683,0.0,0.0,0.0,0.7746,0.0,0.7746,0.7746,0.0,0.0,0.7746,0.7746,0.0,0.7868,0.0,0.0,0.0,0.7868,0.0,0.0,0.0,0.7746,0.7746,0.7746,0.0,0.0,0.3176,0.7746,0.461,0.8301,0.7868,0.7746,0.7746,0.7868,0.0,0.2484,0.7746,0.0,0.0,0.461,0.0,0.7746,0.7746,0.8019,0.8167,0.0,0.7746,0.7746,0.7868,0.0,0.0,0.5916,0.7868,0.7746,0.7868,0.8167,0.0,0.7746,0.7868,0.7746,0.0,0.0,0.0,0.0,0.0,0.7868,0.7746,0.7746,0.0,0.0,0.4878,0.7746,0.8167,0.7746,0.7746,0.7868,0.577,0.7746,0.0,0.8167,0.7868,0.7868,0.8019,0.7868,0.0,0.584,0.8167,0.8283,0.0,0.7746,0.0,0.7868,0.8167,0.7868,0.8167,0.7746,0.0,0.0,0.7746,0.7868,0.0,0.0,0.8019,0.0,0.0,0.7746,0.0,0.0,0.7746,0.0,0.0,0.7868
0.433,0.0,0.461,0.5528,0.4991,0.461,0.7635,0.0,0.3115,0.0,0.8019,0.2847,0.0,0.2767,0.0,0.0,0.4576,0.7635,0.0,0.0,0.3854,0.0,0.0,0.2342,0.0,0.0,0.231,0.3216,0.7457,0.0,0.3367,0.2577,0.7635,0.0,0.433,0.407,0.2292,0.3815,0.7635,0.4398,0.0,0.0,0.0,0.0,0.7457,0.0,0.4481,0.8019,0.537,0.461,0.0,0.3511,0.4329,0.0,0.0,0.8729,0.0,0.0,0.0,0.0,0.2739,0.3409,0.5336,0.2767,0.0,0.0,0.0,0.231,0.0,0.0,0.0,0.0,0.0,0.2739,0.3948,0.395,0.0,0.0,0.8019,0.0,0.4988,0.2098,0.0,0.0,0.7635,0.8019,0.0,0.6565,0.0,0.4373,0.7382,0.7457,0.7457,0.7382,0.0,0.4198,0.2238,0.7382,0.1696,0.4313,0.8019,0.4762,0.3409,0.8729,0.2767,0.8729,0.0,0.0,0.0,0.8019,0.7457,0.2767,0.3409,0.0,0.2767,0.0,0.0,0.0,0.0,0.0,0.0,0.0,0.0
0.4108,0.7635,0.3953,0.0,0.0,0.0,0.0,0.0,0.1949,0.0,0.7746,0.0,0.0,0.0,0.0,0.0,0.0,0.0,0.0,0.0,0.2381,0.7556,0.7746,0.0,0.0,0.0,0.4385,0.5236,0.0,0.4234,0.2847,0.0,0.0,0.7556,0.0,0.7556,0.0,0.44,0.7556,0.0,0.0,0.7556,0.0,0.0,0.7556,0.0,0.0,0.0,0.4261,0.0,0.3511,0.0,0.0,0.0,0.7635,0.0,0.0,0.0,0.7556,0.0,0.407,0.3419,0.0,0.0,0.0,0.7556,0.0,0.4385,0.7556,0.0,0.7746,0.0,0.7746,0.0,0.0,0.0,0.0,0.7556,0.7746,0.0,0.0,0.0,0.0,0.4561,0.7556,0.7746,0.0,0.6863,0.7556,0.0,0.7746,0.7556,0.0,0.7635,0.0,0.7556,0.5204,0.7746,0.2051,0.4993,0.7746,0.0,0.7556,0.0,0.7556,0.8367,0.7746,0.0,0.0,0.7746,0.7556,0.0,0.0,0.7635,0.0,0.0,0.0,0.0,0.0,0.7556,0.0,0.0,0.7556
0.0,0.8019,0.0,0.4583,0.3539,0.167,0.7746,0.7746,0.5775,0.0,0.7746,0.7746,0.7868,0.0,0.7746,0.7746,0.0,0.7746,0.0,0.0,0.2852,0.0,0.0,0.0,0.0,0.0,0.0,0.0,0.7868,0.0,0.373,0.0,0.7746,0.0,0.312,0.0,0.0,0.3178,0.7746,0.461,0.0,0.0,0.0,0.0,0.7868,0.7746,0.7746,0.7746,0.312,0.7746,0.4329,0.0,0.0,0.0,0.8019,0.8167,0.7746,0.7746,0.7746,0.0,0.0,0.0,0.5809,0.0,0.0,0.0,0.0,0.0,0.0,0.0,0.0,0.7746,0.7746,0.0,0.0,0.4329,0.0,0.7746,0.7746,0.7746,0.0,0.8019,0.5701,0.0,0.7746,0.7746,0.0,0.6075,0.0,0.0,0.8167,0.7868,0.7868,0.8019,0.0,0.0,0.5477,0.8167,0.5805,0.4556,0.7746,0.8019,0.0,0.8167,0.0,0.8167,0.7746,0.7746,0.7746,0.7746,0.7868,0.7868,0.7868,0.0,0.7868,0.7746,0.7746,0.7746,0.7746,0.7746,0.8019,0.7746,0.7868
0.0,0.7635,0.0,0.4558,0.0,0.0,0.0,0.0,0.5563,0.4385,0.3953,0.7556,0.7556,0.7556,0.7746,0.7556,0.7556,0.0,0.0,0.7556,0.5563,0.7556,0.7746,0.0,0.4234,0.7746,0.0,0.0,0.2765,0.7556,0.0,0.0,0.0,0.7556,0.0,0.7556,0.7556,0.5971,0.7556,0.0,0.0,0.0,0.0,0.0,0.0,0.7746,0.7556,0.7746,0.0,0.7746,0.0,0.0,0.0,0.0,0.433,0.8367,0.0,0.0,0.7556,0.4549,0.7635,0.0,0.5727,0.0,0.0,0.2765,0.7746,0.0,0.7556,0.0,0.7746,0.7746,0.7746,0.7635,0.0,0.0,0.0,0.7556,0.7746,0.7556,0.0,0.7635,0.7655,0.4145,0.7556,0.7746,0.0,0.5878,0.7556,0.7861,0.3581,0.7556,0.376,0.0,0.0,0.7556,0.5644,0.7746,0.3242,0.0,0.7746,0.7635,0.7556,0.8367,0.7556,0.8367,0.7746,0.0,0.0,0.7746,0.0,0.7556,0.7556,0.7635,0.0,0.7746,0.7556,0.0,0.7556,0.7556,0.7635,0.7746,0.7556
0.7635,0.4147,0.8019,0.1933,0.7457,0.8019,0.2847,0.433,0.7543,0.0,0.0,0.7635,0.7457,0.7457,0.0,0.3511,0.0,0.3511,0.0,0.0,0.7543,0.7635,0.8019,0.0,0.4345,0.0,0.0,0.3372,0.4528,0.0,0.7382,0.4147,0.0,0.7635,0.7635,0.7635,0.0,0.0,0.7635,0.7382,0.0,0.4436,0.8019,0.0,0.0,0.8019,0.7635,0.8019,0.7635,0.8019,0.0,0.7635,0.8019,0.433,0.0,0.8729,0.0,0.407,0.4576,0.4198,0.0,0.0,0.7975,0.4198,0.0,0.3948,0.7382,0.0,0.0,0.0,0.0,0.8019,0.8019,0.7382,0.0,0.0,0.0,0.0,0.8019,0.7635,0.7382,0.4289,0.0,0.4132,0.7635,0.8019,0.7457,0.5775,0.7635,0.7423,0.5394,0.2767,0.4345,0.4147,0.0,0.0,0.0,0.7382,0.5482,0.0,0.8019,0.0,0.0,0.8729,0.2767,0.8729,0.0,0.0,0.0,0.8019,0.3409,0.0,0.4436,0.0,0.4198,0.8019,0.0,0.0,0.0,0.4481,0.0,0.8019,0.4198
0.8367,0.8729,0.8167,0.9138,0.8562,0.8167,0.0,0.0,0.8468,0.8562,0.8167,0.8367,0.0,0.8562,0.8167,0.0,0.8367,0.0,0.8367,0.8367,0.8468,0.8367,0.8167,0.8729,0.8562,0.8866,0.8562,0.0,0.0,0.0,0.8729,0.8729,0.0,0.8367,0.8367,0.8367,0.8367,0.0,0.8367,0.0,0.0,0.8562,0.8167,0.8367,0.8562,0.8167,0.8367,0.0,0.8367,0.8167,0.8729,0.0,0.8167,0.8367,0.8729,0.0,0.8167,0.0,0.8367,0.0,0.0,0.8562,0.0,0.0,0.8167,0.8562,0.0,0.8562,0.8367,0.0,0.8167,0.8167,0.8167,0.8729,0.8562,0.8729,0.0,0.8367,0.8167,0.8367,0.8729,0.8729,0.0,0.0,0.8367,0.8167,0.8562,0.8591,0.8367,0.8978,0.8866,0.8562,0.0,0.8729,0.8562,0.8562,0.8426,0.8866,0.0,0.0,0.8167,0.8729,0.8562,0.0,0.8562,0.8167,0.8167,0.0,0.0,0.8167,0.8562,0.8562,0.8562,0.8729,0.0,0.8167,0.0,0.8367,0.8367,0.8367,0.8729,0.8167,0.8562
0.0,0.8019,0.0,0.0,0.7868,0.7746,0.0,0.0,0.0,0.0,0.0,0.0,0.0,0.0,0.0,0.7746,0.0,0.7746,0.7746,0.0,0.0,0.7746,0.7746,0.8019,0.7868,0.0,0.0,0.0,0.0,0.0,0.0,0.8019,0.0,0.7746,0.7746,0.7746,0.0,0.0,0.7746,0.0,0.0,0.7868,0.7746,0.7746,0.7868,0.0,0.0,0.7746,0.0,0.0,0.0,0.0,0.7746,0.0,0.0,0.8167,0.0,0.0,0.7746,0.0,0.0,0.0,0.5916,0.0,0.7746,0.0,0.8167,0.0,0.7746,0.0,0.7746,0.0,0.7746,0.0,0.3539,0.8019,0.7868,0.7746,0.7746,0.0,0.8019,0.0,0.7746,0.8167,0.7746,0.7746,0.7868,0.6075,0.7746,0.0,0.0,0.7868,0.0,0.0,0.7868,0.7868,0.584,0.8167,0.0,0.0,0.7746,0.0,0.7868,0.8167,0.7868,0.8167,0.7746,0.3953,0.3953,0.7746,0.7868,0.0,0.0,0.8019,0.3539,0.0,0.7746,0.2484,0.0,0.7746,0.0,0.0,0.7868
0.7556,0.0,0.7746,0.0,0.7556,0.7746,0.2651,0.222,0.7556,0.0,0.0,0.7556,0.0,0.7556,0.7746,0.3295,0.0,0.0,0.7556,0.0,0.7556,0.7556,0.7746,0.0,0.7556,0.0,0.0,0.2847,0.4385,0.0,0.7635,0.0,0.4108,0.7556,0.7556,0.7556,0.0,0.0,0.7556,0.0,0.3985,0.7556,0.7746,0.7556,0.7556,0.7746,0.7556,0.0,0.7556,0.7746,0.0,0.0,0.7746,0.0,0.407,0.0,0.0,0.0,0.0,0.2765,0.0,0.7556,0.0,0.344,0.0,0.0,0.0,0.0,0.7556,0.2765,0.7746,0.7746,0.7746,0.7635,0.0,0.0,0.0,0.0,0.7746,0.7556,0.7635,0.0,0.0,0.0,0.7556,0.7746,0.7556,0.5878,0.7556,0.7861,0.0,0.7556,0.3419,0.0,0.7556,0.7556,0.0,0.7746,0.0,0.2993,0.7746,0.0,0.0,0.0,0.0,0.8367,0.0,0.2651,0.2651,0.7746,0.7556,0.0,0.0,0.0,0.344,0.7746,0.2651,0.0,0.7556,0.0,0.0,0.7746,0.0
0.7556,0.433,0.7746,0.5912,0.7556,0.7746,0.0,0.0,0.7556,0.7556,0.7746,0.7556,0.7556,0.7556,0.0,0.0,0.0,0.0,0.0,0.0,0.7556,0.7556,0.7746,0.0,0.0,0.0,0.0,0.0,0.0,0.0,0.7635,0.433,0.0,0.7556,0.7556,0.7556,0.0,0.0,0.7556,0.7635,0.7861,0.0,0.7746,0.0,0.7556,0.7746,0.7556,0.7746,0.7556,0.7746,0.0,0.7556,0.7746,0.7556,0.4576,0.8367,0.7746,0.0,0.0,0.7556,0.0,0.0,0.7899,0.0,0.0,0.7556,0.7746,0.0,0.0,0.7556,0.0,0.7746,0.7746,0.7635,0.7556,0.0,0.7556,0.0,0.7746,0.7556,0.7635,0.407,0.0,0.0,0.7556,0.7746,0.7556,0.5878,0.7556,0.7861,0.0,0.3973,0.7556,0.0,0.0,0.0,0.0,0.7746,0.5085,0.0,0.7746,0.0,0.0,0.8367,0.2765,0.8367,0.0,0.7556,0.7556,0.7746,0.0,0.0,0.4234,0.0,0.0,0.7746,0.0,0.7556,0.0,0.4261,0.0,0.7746,0.4234
0.0,0.7457,0.0,0.3876,0.0,0.0,0.0,0.0,0.5509,0.3936,0.4402,0.7556,0.0,0.7457,0.7868,0.0,0.7556,0.0,0.0,0.7556,0.5509,0.7556,0.7868,0.0,0.3395,0.751,0.0,0.4345,0.4357,0.0,0.0,0.0,0.3973,0.7556,0.0,0.7556,0.7556,0.2015,0.7556,0.0,0.3472,0.0,0.0,0.0,0.0,0.7868,0.7556,0.0,0.0,0.7868,0.0,0.0,0.0,0.4549,0.4198,0.0,0.0,0.2765,0.7556,0.0,0.0,0.0,0.0,0.0,0.0,0.2753,0.0,0.0,0.7556,0.0,0.7868,0.7868,0.7868,0.7457,0.0,0.0,0.2753,0.7556,0.7868,0.7556,0.0,0.7457,0.0,0.4721,0.7556,0.7868,0.0,0.5797,0.7556,0.7589,0.3439,0.7457,0.3015,0.0,0.0,0.7457,0.5661,0.751,0.3376,0.3842,0.7868,0.7457,0.7457,0.0,0.7457,0.8562,0.7868,0.0,0.0,0.7868,0.0,0.7457,0.7457,0.7457,0.0,0.7868,0.0,0.0,0.7556,0.7556,0.7457,0.7868,0.7457
0.0,0.7382,0.0,0.4847,0.0,0.0,0.0,0.0,0.0,0.7457,0.8019,0.0,0.3948,0.0,0.4329,0.407,0.407,0.0,0.7635,0.2847,0.2807,0.0,0.0,0.7382,0.7457,0.2735,0.0,0.4762,0.0,0.3619,0.1915,0.7382,0.0,0.0,0.407,0.0,0.433,0.2429,0.0,0.4418,0.553,0.0,0.8019,0.7635,0.7457,0.4329,0.0,0.0,0.407,0.0,0.2739,0.407,0.0,0.7635,0.0,0.0,0.0,0.0,0.0,0.0,0.0,0.4528,0.2993,0.3948,0.8019,0.4345,0.3365,0.0,0.0,0.3948,0.0,0.4329,0.8019,0.0,0.3409,0.0,0.4198,0.7635,0.8019,0.0,0.0,0.5338,0.3074,0.0,0.7635,0.8019,0.7457,0.5775,0.0,0.4283,0.0,0.0,0.0,0.0,0.0,0.0,0.5529,0.0,0.4951,0.5945,0.8019,0.0,0.0,0.0,0.0,0.8729,0.8019,0.407,0.407,0.8019,0.7457,0.0,0.3409,0.0,0.3948,0.0,0.0,0.0,0.433,0.7635,0.0,0.0,0.7457
0.4234,0.7457,0.4402,0.5119,0.0,0.0,0.7556,0.7556,0.1944,0.0,0.7868,0.2765,0.0,0.2753,0.0,0.0,0.0,0.7556,0.0,0.0,0.2374,0.7556,0.7868,0.0,0.0,0.0,0.4339,0.1628,0.7457,0.0,0.3337,0.0,0.7556,0.7556,0.4234,0.7556,0.0,0.4503,0.0,0.3409,0.0,0.7457,0.0,0.0,0.7457,0.4402,0.0,0.7868,0.4385,0.0,0.3409,0.3419,0.0,0.0,0.0,0.8562,0.0,0.7556,0.0,0.0,0.4528,0.0,0.5248,0.7457,0.0,0.0,0.751,0.4339,0.7556,0.7457,0.7868,0.4402,0.7868,0.2767,0.0,0.0,0.7457,0.7556,0.7868,0.0,0.0,0.3785,0.7714,0.0,0.7556,0.7868,0.0,0.6746,0.7556,0.0,0.0,0.0,0.7457,0.0,0.4189,0.7457,0.5215,0.0,0.5801,0.5664,0.7868,0.0,0.7457,0.8562,0.7457,0.8562,0.7868,0.0,0.0,0.7868,0.7457,0.0,0.3395,0.7457,0.0,0.0,0.7556,0.0,0.2765,0.7556,0.0,0.0,0.7457
0.5391,0.7975,0.536,0.6107,0.5766,0.5809,0.0,0.0,0.5067,0.5766,0.7931,0.5844,0.0,0.5835,0.5916,0.0,0.5844,0.0,0.5727,0.5844,0.5211,0.7899,0.7931,0.5835,0.5766,0.595,0.5508,0.4144,0.0,0.311,0.519,0.5835,0.0,0.7899,0.5727,0.7899,0.5844,0.3154,0.7899,0.0,0.0,0.7874,0.5809,0.5727,0.7874,0.5916,0.5844,0.0,0.5435,0.5916,0.5336,0.0,0.5809,0.5727,0.7975,0.0,0.5916,0.0,0.7899,0.0,0.2993,0.5248,0.0,0.0,0.5809,0.7874,0.0,0.5508,0.7899,0.0,0.7931,0.5916,0.7931,0.5886,0.5835,0.5835,0.0,0.7899,0.7931,0.5844,0.5835,0.5886,0.0,0.3278,0.7899,0.7931,0.5766,0.5566,0.7899,0.6017,0.5805,0.7874,0.0,0.7975,0.5766,0.7874,0.5254,0.5805,0.2118,0.3796,0.7931,0.5886,0.7874,0.0,0.7874,0.8367,0.7931,0.0,0.0,0.7931,0.7874,0.5469,0.5835,0.7975,0.0,0.5916,0.0,0.5844,0.5844,0.7899,0.5886,0.5916,0.7874
0.7556,0.0,0.7868,0.3876,0.0,0.0,0.0,0.0,0.7503,0.0,0.0,0.7556,0.0,0.0,0.7868,0.3419,0.4234,0.0,0.7556,0.2765,0.0,0.0,0.0,0.0,0.7457,0.2795,0.0,0.4198,0.4189,0.4426,0.0,0.0,0.3973,0.0,0.0,0.0,0.2765,0.288,0.7556,0.0,0.437,0.0,0.7868,0.7556,0.7457,0.7868,0.7556,0.0,0.0,0.7868,0.2767,0.0,0.0,0.0,0.4198,0.0,0.0,0.344,0.0,0.0,0.3948,0.7457,0.0,0.0,0.0,0.3728,0.3439,0.0,0.0,0.1937,0.0,0.7868,0.7868,0.0,0.4189,0.3409,0.2753,0.0,0.7868,0.7556,0.0,0.0,0.3799,0.0,0.7556,0.7868,0.7457,0.5797,0.0,0.0,0.0,0.7457,0.2753,0.0,0.7457,0.0,0.2053,0.751,0.4047,0.5161,0.7868,0.0,0.3728,0.0,0.3395,0.8562,0.0,0.0,0.0,0.7868,0.7457,0.0,0.0,0.2767,0.0,0.7868,0.4234,0.0,0.7556,0.0,0.0,0.7868,0.0
0.0,0.0,0.0,0.0,0.0,0.0,0.7746,0.0,0.5775,0.0,0.7746,0.7746,0.7868,0.7868,0.7746,0.0,0.0,0.7746,0.0,0.0,0.5775,0.7746,0.7746,0.0,0.0,0.0,0.0,0.3021,0.7868,0.0,0.0,0.0,0.7746,0.7746,0.0,0.7746,0.0,0.6321,0.7746,0.0,0.8301,0.7868,0.0,0.0,0.7868,0.7746,0.7746,0.7746,0.0,0.7746,0.0,0.0,0.0,0.0,0.0,0.8167,0.7746,0.0,0.0,0.0,0.8019,0.0,0.5809,0.0,0.0,0.7868,0.8167,0.0,0.7746,0.7868,0.7746,0.7746,0.7746,0.8019,0.7868,0.3021,0.7868,0.0,0.7746,0.7746,0.0,0.0,0.0,0.0,0.7746,0.7746,0.0,0.7084,0.7746,0.8301,0.8167,0.7868,0.7868,0.8019,0.0,0.7868,0.0,0.8167,0.0,0.3206,0.7746,0.0,0.0,0.8167,0.0,0.8167,0.0,0.7746,0.7746,0.7746,0.7868,0.0,0.0,0.0,0.0,0.7746,0.0,0.7746,0.7746,0.0,0.0,0.7746,0.0
0.7556,0.7457,0.7868,0.4648,0.0,0.0,0.0,0.0,0.7503,0.0,0.4126,0.0,0.7457,0.4339,0.7868,0.7556,0.0,0.0,0.7556,0.0,0.0,0.0,0.0,0.7457,0.0,0.0,0.7457,0.7457,0.0,0.0,0.4436,0.7457,0.0,0.0,0.4385,0.0,0.0,0.3062,0.0,0.0,0.5154,0.4189,0.7868,0.7556,0.0,0.0,0.7556,0.7868,0.0,0.7868,0.0,0.7556,0.0,0.2765,0.3948,0.8562,0.0,0.0,0.7556,0.2753,0.4345,0.0,0.7874,0.3728,0.7868,0.0,0.0,0.7457,0.0,0.3728,0.0,0.0,0.7868,0.4345,0.3936,0.0,0.3395,0.7556,0.7868,0.7556,0.0,0.0,0.567,0.0,0.7556,0.7868,0.7457,0.7861,0.0,0.0,0.3737,0.7457,0.3395,0.0,0.7457,0.0,0.5831,0.0,0.4709,0.4542,0.7868,0.7457,0.0,0.8562,0.0,0.8562,0.7868,0.0,0.0,0.7868,0.0,0.7457,0.7457,0.0,0.0,0.7868,0.7556,0.0,0.7556,0.7556,0.7457,0.7868,0.7457
0.7746,0.7382,0.8167,0.0,0.0,0.0,0.0,0.0,0.7629,0.751,0.8167,0.7746,0.0,0.0,0.8167,0.0,0.0,0.0,0.7746,0.0,0.0,0.0,0.0,0.0,0.751,0.0,0.0,0.0,0.0,0.4228,0.0,0.7382,0.0,0.0,0.0,0.0,0.0,0.3848,0.7746,0.3365,0.4859,0.0,0.8167,0.7746,0.751,0.8167,0.7746,0.0,0.0,0.8167,0.0,0.0,0.0,0.7746,0.7382,0.0,0.8167,0.0,0.7746,0.0,0.3365,0.751,0.0,0.3439,0.8167,0.0,0.0,0.751,0.0,0.3439,0.0,0.8167,0.8167,0.0,0.0,0.0,0.3737,0.0,0.0,0.0,0.0,0.7382,0.2942,0.0,0.0,0.8167,0.751,0.7893,0.0,0.3636,0.7335,0.751,0.0,0.7382,0.751,0.0,0.5912,0.7335,0.2692,0.3834,0.0,0.7382,0.2795,0.0,0.3439,0.0,0.0,0.0,0.0,0.0,0.751,0.751,0.751,0.0,0.0,0.8167,0.3581,0.7746,0.7746,0.7746,0.7382,0.8167,0.0
0.2765,0.0,0.2852,0.0,0.0,0.0,0.7556,0.0,0.3337,0.0,0.7868,0.0,0.0,0.3395,0.0,0.0,0.2765,0.7556,0.0,0.0,0.3021,0.0,0.7868,0.0,0.0,0.17,0.0,0.3785,0.7457,0.0,0.4198,0.0,0.7556,0.0,0.0,0.7556,0.0,0.3019,0.7556,0.4345,0.0,0.7457,0.0,0.0,0.0,0.0,0.0,0.0,0.3419,0.0,0.231,0.4385,0.0,0.0,0.0,0.8562,0.0,0.0,0.0,0.0,0.0,0.4339,0.5508,0.0,0.0,0.7457,0.751,0.0,0.0,0.0,0.7868,0.0,0.7868,0.3409,0.0,0.2767,0.7457,0.0,0.7868,0.0,0.3948,0.0,0.0,0.0,0.7556,0.7868,0.0,0.69,0.7556,0.0,0.751,0.7457,0.7457,0.7457,0.0,0.0,0.192,0.751,0.0,0.4252,0.0,0.3409,0.0,0.8562,0.0,0.8562,0.0,0.0,0.0,0.0,0.7457,0.2753,0.3395,0.0,0.2753,0.0,0.0,0.0,0.0,0.0,0.2546,0.0,0.0
0.7556,0.0,0.7746,0.0,0.0,0.0,0.0,0.7556,0.5563,0.7556,0.7746,0.7556,0.7556,0.3419,0.7746,0.7556,0.0,0.0,0.0,0.0,0.0,0.0,0.0,0.7635,0.0,0.4145,0.7556,0.7635,0.0,0.0,0.0,0.0,0.0,0.0,0.0,0.0,0.0,0.0,0.7556,0.0,0.4622,0.3973,0.7746,0.0,0.0,0.7746,0.7556,0.0,0.0,0.7746,0.0,0.7556,0.0,0.7556,0.0,0.8367,0.7746,0.7556,0.0,0.7556,0.0,0.7556,0.7899,0.0,0.7746,0.0,0.0,0.0,0.0,0.3973,0.312,0.7746,0.7746,0.3511,0.0,0.0,0.0,0.7556,0.7746,0.7556,0.0,0.7635,0.5626,0.0,0.7556,0.7746,0.7556,0.7925,0.0,0.0,0.0,0.0,0.7556,0.7635,0.7556,0.289,0.584,0.7746,0.2931,0.0,0.0,0.7635,0.0,0.8367,0.3419,0.8367,0.7746,0.7556,0.7556,0.0,0.0,0.7556,0.7556,0.0,0.7556,0.7746,0.7556,0.7556,0.7556,0.0,0.0,0.7746,0.0
0.7556,0.7457,0.7868,0.3876,0.0,0.0,0.0,0.0,0.5509,0.0,0.0,0.7556,0.0,0.4189,0.7868,0.0,0.0,0.0,0.7556,0.0,0.0,0.3973,0.0,0.7457,0.7457,0.4375,0.7457,0.0,0.4189,0.4339,0.0,0.7457,0.3973,0.3973,0.0,0.0,0.0,0.288,0.7556,0.0,0.5037,0.0,0.7868,0.7556,0.0,0.7868,0.7556,0.3539,0.0,0.7868,0.0,0.0,0.0,0.0,0.0,0.0,0.0,0.2765,0.7556,0.0,0.3948,0.7457,0.0,0.1937,0.7868,0.3728,0.3439,0.0,0.3973,0.0,0.0,0.7868,0.7868,0.4198,0.4189,0.0,0.2753,0.7556,0.7868,0.7556,0.3948,0.7457,0.1995,0.0,0.7556,0.7868,0.7457,0.7861,0.0,0.0,0.0,0.7457,0.2753,0.0,0.7457,0.4189,0.5831,0.751,0.3477,0.4304,0.0,0.7457,0.0,0.0,0.0,0.8562,0.7868,0.0,0.0,0.0,0.7457,0.7457,0.7457,0.0,0.0,0.7868,0.0,0.0,0.7556,0.7556,0.0,0.7868,0.7457
0.7746,0.0,0.7746,0.0,0.0,0.0,0.0,0.7746,0.781,0.7868,0.7746,0.7746,0.7868,0.0,0.7746,0.7746,0.0,0.0,0.0,0.0,0.0,0.0,0.0,0.8019,0.0,0.0,0.7868,0.8019,0.0,0.0,0.0,0.0,0.0,0.0,0.0,0.0,0.0,0.0,0.7746,0.0,0.0,0.2852,0.7746,0.0,0.7868,0.7746,0.7746,0.7746,0.0,0.7746,0.0,0.7746,0.0,0.7746,0.0,0.8167,0.7746,0.7746,0.0,0.7868,0.0,0.7868,0.7931,0.0,0.7746,0.0,0.0,0.7868,0.312,0.0,0.0,0.7746,0.7746,0.0,0.0,0.0,0.0,0.7746,0.7746,0.7746,0.0,0.8019,0.5701,0.0,0.7746,0.7746,0.7868,0.8093,0.0,0.0,0.0,0.0,0.7868,0.8019,0.7868,0.4126,0.5958,0.8167,0.3328,0.0,0.7746,0.8019,0.0,0.8167,0.4126,0.8167,0.7746,0.7746,0.7746,0.7746,0.0,0.7868,0.7868,0.0,0.7868,0.7746,0.7746,0.7746,0.7746,0.0,0.8019,0.7746,0.0
0.0,0.8019,0.0,0.0,0.7868,0.7746,0.7746,0.7746,0.0,0.7868,0.7746,0.3683,0.0,0.4126,0.0,0.7746,0.0,0.7746,0.7746,0.0,0.0,0.7746,0.7746,0.8019,0.7868,0.0,0.0,0.0,0.7868,0.0,0.4329,0.8019,0.7746,0.7746,0.0,0.7746,0.0,0.3113,0.0,0.0,0.0,0.7868,0.7746,0.7746,0.7868,0.0,0.0,0.7746,0.0,0.0,0.0,0.0,0.7746,0.7746,0.8019,0.8167,0.0,0.7746,0.7746,0.7868,0.4329,0.4402,0.5916,0.7868,0.7746,0.0,0.8167,0.0,0.7746,0.7868,0.7746,0.0,0.7746,0.4329,0.0,0.8019,0.7868,0.7746,0.7746,0.0,0.8019,0.373,0.7746,0.8167,0.7746,0.7746,0.7868,0.6075,0.7746,0.0,0.0,0.7868,0.7868,0.8019,0.7868,0.7868,0.584,0.0,0.6213,0.3943,0.7746,0.0,0.7868,0.8167,0.7868,0.8167,0.7746,0.0,0.0,0.7746,0.7868,0.0,0.0,0.8019,0.0,0.0,0.7746,0.0,0.0,0.7746,0.0,0.0,0.7868
0.7746,0.3021,0.7746,0.0,0.0,0.7746,0.7746,0.7746,0.0,0.7868,0.7746,0.0,0.7868,0.7868,0.7746,0.7746,0.7746,0.7746,0.7746,0.7746,0.781,0.7746,0.7746,0.0,0.7868,0.8167,0.7868,0.8019,0.7868,0.7868,0.8019,0.3021,0.7746,0.0,0.7746,0.0,0.7746,0.6317,0.0,0.0,0.8301,0.7868,0.7746,0.7746,0.7868,0.7746,0.0,0.7746,0.7746,0.0,0.0,0.7746,0.7746,0.7746,0.8019,0.8167,0.7746,0.7746,0.7746,0.7868,0.8019,0.7868,0.7931,0.7868,0.7746,0.7868,0.8167,0.7868,0.7746,0.7868,0.7746,0.7746,0.0,0.8019,0.7868,0.0,0.7868,0.7746,0.7746,0.7746,0.0,0.0,0.7746,0.8167,0.7746,0.7746,0.7868,0.0,0.7746,0.0,0.8167,0.7868,0.7868,0.8019,0.7868,0.0,0.7981,0.8167,0.8283,0.842,0.7746,0.0,0.7868,0.8167,0.7868,0.8167,0.7746,0.7746,0.7746,0.7746,0.7868,0.7868,0.7868,0.8019,0.7868,0.7746,0.7746,0.7746,0.0,0.0,0.8019,0.0,0.7868
0.433,0.7382,0.0,0.4776,0.0,0.0,0.7635,0.7635,0.0,0.0,0.8019,0.0,0.4198,0.0,0.0,0.7635,0.407,0.7635,0.0,0.2847,0.4427,0.3511,0.4329,0.0,0.7457,0.3404,0.0,0.0,0.7457,0.2767,0.1274,0.7382,0.7635,0.3511,0.407,0.0,0.433,0.0,0.0,0.2739,0.6052,0.0,0.0,0.0,0.0,0.4329,0.407,0.0,0.407,0.0,0.2739,0.0,0.0,0.7635,0.7382,0.8729,0.0,0.7635,0.7635,0.7457,0.0,0.2767,0.5886,0.0,0.8019,0.4345,0.0,0.3409,0.3511,0.4198,0.0,0.4329,0.8019,0.0,0.3409,0.0,0.0,0.7635,0.8019,0.0,0.3372,0.4289,0.5749,0.7382,0.7635,0.8019,0.0,0.5775,0.0,0.4283,0.0,0.7457,0.7457,0.7382,0.7457,0.3948,0.5334,0.4132,0.287,0.5363,0.0,0.4147,0.0,0.8729,0.0,0.8729,0.8019,0.0,0.0,0.0,0.0,0.0,0.0,0.0,0.0,0.0,0.7635,0.0,0.0,0.7635,0.4147,0.0,0.7457
0.0,0.7457,0.0,0.4086,0.0,0.0,0.0,0.0,0.0,0.0,0.0,0.0,0.0,0.3395,0.0,0.7556,0.3419,0.7556,0.7556,0.3973,0.3956,0.0,0.0,0.7457,0.0,0.3979,0.0,0.0,0.0,0.3936,0.3409,0.7457,0.0,0.0,0.0,0.0,0.3973,0.3539,0.7556,0.3948,0.4412,0.3936,0.7868,0.7556,0.7457,0.0,0.0,0.7868,0.3419,0.0,0.3948,0.0,0.0,0.0,0.0,0.8562,0.3539,0.0,0.7556,0.0,0.3409,0.0,0.5835,0.4189,0.7868,0.3936,0.0,0.0,0.0,0.4189,0.0,0.0,0.7868,0.3409,0.0,0.0,0.0,0.7556,0.7868,0.0,0.0,0.0,0.567,0.751,0.7556,0.7868,0.7457,0.5797,0.0,0.4266,0.0,0.7457,0.0,0.0,0.7457,0.0,0.5398,0.751,0.2809,0.405,0.7868,0.0,0.0,0.8562,0.0,0.8562,0.7868,0.3973,0.3973,0.7868,0.7457,0.0,0.0,0.4436,0.4189,0.0,0.7556,0.3973,0.0,0.7556,0.0,0.0,0.7457
0.0,0.2739,0.0,0.5569,0.5105,0.461,0.7635,0.0,0.2941,0.0,0.8019,0.0,0.7457,0.0,0.8019,0.0,0.433,0.7635,0.0,0.2847,0.3036,0.0,0.0,0.3379,0.0,0.2735,0.2767,0.3372,0.7457,0.2767,0.4147,0.381,0.7635,0.0,0.433,0.433,0.2847,0.4877,0.7635,0.5481,0.0,0.0,0.0,0.0,0.7457,0.8019,0.0,0.8019,0.433,0.0,0.395,0.0,0.4329,0.0,0.0,0.8729,0.8019,0.0,0.0,0.0,0.0,0.0,0.5835,0.3409,0.3021,0.0,0.0,0.2767,0.0,0.0,0.0,0.8019,0.0,0.0,0.0,0.0,0.0,0.0,0.8019,0.7635,0.5098,0.2739,0.2044,0.0,0.7635,0.8019,0.0,0.6312,0.0,0.0,0.7382,0.7457,0.7457,0.7382,0.0,0.4345,0.2844,0.7382,0.2659,0.429,0.8019,0.4147,0.3185,0.8729,0.4528,0.8729,0.0,0.7635,0.7635,0.8019,0.7457,0.0,0.0,0.2739,0.0,0.8019,0.0,0.7635,0.7635,0.0,0.0,0.8019,0.3948
0.7556,0.7457,0.7868,0.0,0.0,0.0,0.0,0.0,0.7503,0.7457,0.0,0.7556,0.0,0.0,0.7868,0.0,0.0,0.2765,0.7556,0.0,0.0,0.0,0.0,0.0,0.0,0.0,0.7457,0.0,0.4189,0.443,0.0,0.7457,0.0,0.0,0.0,0.0,0.0,0.3539,0.7556,0.2767,0.3805,0.443,0.7868,0.7556,0.0,0.7868,0.7556,0.0,0.0,0.7868,0.0,0.0,0.0,0.0,0.0,0.0,0.7868,0.0,0.7556,0.2753,0.4198,0.7457,0.0,0.2753,0.7868,0.3395,0.3737,0.7457,0.0,0.2753,0.0,0.7868,0.7868,0.0,0.0,0.0,0.0,0.7556,0.7868,0.7556,0.0,0.7457,0.2439,0.4228,0.7556,0.7868,0.7457,0.7861,0.0,0.0,0.0,0.7457,0.3395,0.7457,0.7457,0.0,0.5831,0.751,0.2424,0.4451,0.7868,0.7457,0.2753,0.0,0.3395,0.8562,0.7868,0.0,0.0,0.7868,0.0,0.7457,0.7457,0.0,0.0,0.7868,0.0,0.7556,0.7556,0.7556,0.7457,0.7868,0.0
0.7556,0.0,0.7746,0.8081,0.7556,0.7746,0.7556,0.0,0.7556,0.7556,0.7746,0.7556,0.0,0.7556,0.7746,0.0,0.0,0.7556,0.7556,0.0,0.7556,0.7556,0.7746,0.0,0.7556,0.0,0.3419,0.0,0.7556,0.0,0.7635,0.0,0.7556,0.7556,0.7556,0.7556,0.0,0.8087,0.7556,0.7635,0.0,0.7556,0.7746,0.7556,0.7556,0.7746,0.7556,0.7746,0.7556,0.7746,0.0,0.7556,0.7746,0.7556,0.0,0.8367,0.7746,0.0,0.0,0.7556,0.7635,0.7556,0.7899,0.0,0.0,0.7556,0.0,0.0,0.7556,0.7556,0.7746,0.7746,0.7746,0.7635,0.7556,0.0,0.7556,0.0,0.312,0.0,0.7635,0.0,0.0,0.7746,0.3848,0.7746,0.7556,0.5878,0.7556,0.0,0.7746,0.7556,0.7556,0.7635,0.7556,0.7556,0.0,0.7746,0.0,0.0,0.0,0.0,0.0,0.8367,0.0,0.0,0.312,0.7556,0.7556,0.0,0.7556,0.0,0.0,0.0,0.0,0.7746,0.3295,0.7556,0.7556,0.0,0.0,0.7746,0.0
0.7746,0.8019,0.7746,0.8521,0.7868,0.7746,0.7746,0.7746,0.781,0.7868,0.7746,0.7746,0.0,0.7868,0.7746,0.7746,0.7746,0.7746,0.7746,0.7746,0.781,0.7746,0.7746,0.8019,0.7868,0.8167,0.0,0.8019,0.7868,0.7868,0.8019,0.8019,0.7746,0.7746,0.7746,0.7746,0.7746,0.8526,0.7746,0.8019,0.0,0.7868,0.7746,0.7746,0.7868,0.7746,0.7746,0.7746,0.7746,0.7746,0.8019,0.7746,0.7746,0.7746,0.8019,0.8167,0.7746,0.7746,0.7746,0.7868,0.8019,0.7868,0.7931,0.7868,0.7746,0.7868,0.0,0.7868,0.7746,0.7868,0.7746,0.7746,0.7746,0.8019,0.7868,0.8019,0.7868,0.312,0.0,0.0,0.8019,0.8019,0.7746,0.8167,0.2484,0.7746,0.7868,0.8093,0.7746,0.0,0.8167,0.7868,0.7868,0.8019,0.7868,0.7868,0.7981,0.8167,0.8283,0.842,0.0,0.8019,0.7868,0.8167,0.7868,0.0,0.0,0.7746,0.7746,0.0,0.7868,0.7868,0.7868,0.8019,0.7868,0.7746,0.0,0.7746,0.7746,0.7746,0.8019,0.7746,0.7868
0.0,0.7635,0.0,0.8081,0.7556,0.7746,0.7556,0.7556,0.0,0.7556,0.7746,0.0,0.3973,0.0,0.0,0.7556,0.0,0.7556,0.7556,0.0,0.0,0.7556,0.7746,0.7635,0.7556,0.0,0.376,0.0,0.7556,0.0,0.0,0.7635,0.7556,0.7556,0.7556,0.7556,0.0,0.0,0.7556,0.0,0.0,0.7556,0.7746,0.7556,0.7556,0.0,0.0,0.7746,0.0,0.0,0.0,0.0,0.7746,0.7556,0.7635,0.8367,0.0,0.7556,0.7556,0.7556,0.0,0.0,0.5844,0.7556,0.7746,0.7556,0.0,0.0,0.7556,0.7556,0.7746,0.0,0.7746,0.0,0.0,0.7635,0.7556,0.0,0.0,0.0,0.7635,0.0,0.7655,0.0,0.0,0.7746,0.7556,0.6546,0.7556,0.2998,0.0,0.0,0.0,0.0,0.0,0.7556,0.5749,0.7746,0.7861,0.0,0.0,0.0,0.0,0.8367,0.7556,0.0,0.0,0.0,0.0,0.0,0.7556,0.0,0.0,0.7635,0.0,0.0,0.0,0.0,0.0,0.7556,0.0,0.0,0.0
0.0,0.0,0.0,0.5132,0.3337,0.373,0.7635,0.7635,0.3092,0.0,0.8019,0.0,0.7457,0.3409,0.8019,0.7635,0.0,0.7635,0.0,0.0,0.2767,0.0,0.0,0.4147,0.0,0.3888,0.0,0.0,0.7457,0.0,0.3372,0.4289,0.7635,0.0,0.3511,0.0,0.0,0.4075,0.7635,0.5098,0.4283,0.0,0.0,0.0,0.0,0.8019,0.0,0.0,0.3511,0.0,0.4988,0.0,0.0,0.0,0.7382,0.8729,0.8019,0.7635,0.7635,0.0,0.0,0.0,0.5835,0.0,0.0,0.0,0.0,0.3948,0.0,0.3948,0.0,0.8019,0.0,0.3372,0.0,0.5098,0.0,0.7635,0.8019,0.7635,0.0,0.0,0.5749,0.0,0.7635,0.8019,0.0,0.536,0.0,0.0,0.7382,0.7457,0.7457,0.7382,0.0,0.4153,0.5372,0.7382,0.51,0.3919,0.0,0.0,0.0,0.8729,0.0,0.8729,0.8019,0.7635,0.7635,0.0,0.7457,0.7457,0.7457,0.0,0.7457,0.8019,0.7635,0.7635,0.7635,0.7635,0.0,0.8019,0.7457
0.0,0.0,0.0,0.5007,0.0,0.8019,0.7635,0.0,0.3797,0.7457,0.8019,0.5236,0.0,0.4345,0.3021,0.407,0.2847,0.7635,0.7635,0.0,0.0,0.7635,0.8019,0.0,0.7457,0.0,0.0,0.3914,0.7457,0.0,0.4289,0.0,0.7635,0.7635,0.0,0.0,0.0,0.4957,0.0,0.39,0.0,0.7457,0.8019,0.7635,0.7457,0.373,0.4647,0.8019,0.0,0.4878,0.2098,0.0,0.8019,0.7635,0.4289,0.8729,0.0,0.0,0.407,0.7457,0.5338,0.3785,0.5886,0.0,0.0,0.0,0.7382,0.0,0.7635,0.7457,0.8019,0.373,0.0,0.4289,0.0,0.2739,0.7457,0.0,0.8019,0.0,0.0,0.0,0.0,0.7382,0.7635,0.8019,0.7457,0.601,0.7635,0.0,0.0,0.0,0.7457,0.0,0.0,0.0,0.0,0.0,0.196,0.36,0.8019,0.4876,0.0,0.8729,0.0,0.8729,0.0,0.0,0.0,0.8019,0.7457,0.2767,0.4153,0.0,0.2767,0.0,0.0,0.0,0.3511,0.0,0.0,0.0,0.0
0.7655,0.0,0.7746,0.6058,0.567,0.5701,0.0,0.3766,0.7727,0.7714,0.7746,0.7655,0.0,0.567,0.7746,0.321,0.2753,0.0,0.7655,0.0,0.5608,0.5626,0.5701,0.0,0.7714,0.0,0.0,0.2935,0.0,0.1703,0.5749,0.0,0.0,0.5626,0.5626,0.5626,0.0,0.2626,0.7655,0.2044,0.2828,0.567,0.7746,0.7655,0.7714,0.7746,0.7655,0.0,0.5626,0.7746,0.0,0.0,0.5701,0.7655,0.0,0.0,0.7746,0.0,0.0,0.0,0.3074,0.7714,0.0,0.3799,0.0,0.567,0.2942,0.0,0.5626,0.1995,0.5701,0.7746,0.7746,0.5749,0.567,0.2044,0.2439,0.0,0.7746,0.7655,0.5749,0.0,0.0,0.0,0.7655,0.7746,0.7714,0.5979,0.5626,0.5916,0.7956,0.7714,0.0,0.7829,0.7714,0.567,0.0,0.7956,0.0,0.3703,0.7746,0.0,0.2439,0.0,0.1995,0.8264,0.0,0.0,0.0,0.7746,0.7714,0.0,0.0,0.0,0.405,0.7746,0.2568,0.7655,0.7655,0.0,0.0,0.7746,0.0
0.0,0.0,0.0,0.0,0.0,0.0,0.4657,0.0,0.5577,0.0,0.0,0.7746,0.0,0.751,0.8167,0.0,0.7746,0.5549,0.3581,0.7746,0.5577,0.7746,0.8167,0.0,0.4015,0.7335,0.0,0.4429,0.2403,0.0,0.0,0.4429,0.4726,0.7746,0.0,0.7746,0.7746,0.3006,0.7746,0.4273,0.0,0.3439,0.0,0.4561,0.0,0.8167,0.7746,0.0,0.0,0.8167,0.0,0.4561,0.0,0.4145,0.4132,0.0,0.8167,0.0,0.0,0.4721,0.0,0.0,0.3278,0.0,0.0,0.0,0.0,0.0,0.0,0.0,0.0,0.8167,0.8167,0.7382,0.751,0.0,0.4228,0.7746,0.8167,0.0,0.0,0.7382,0.0,0.0,0.0,0.8167,0.0,0.6671,0.7746,0.3834,0.4424,0.3979,0.5112,0.0,0.3979,0.0,0.5779,0.7335,0.4985,0.513,0.8167,0.7382,0.0,0.0,0.0,0.8866,0.8167,0.0,0.0,0.8167,0.4228,0.0,0.751,0.7382,0.0,0.0,0.0,0.0,0.7746,0.0,0.7382,0.8167,0.4228
0.7556,0.7635,0.7746,0.8081,0.7556,0.7746,0.7556,0.7556,0.7556,0.7556,0.7746,0.7556,0.0,0.7556,0.7746,0.7556,0.7556,0.7556,0.7556,0.7556,0.7556,0.7556,0.7746,0.7635,0.7556,0.7746,0.0,0.7635,0.7556,0.7556,0.7635,0.7635,0.7556,0.7556,0.7556,0.7556,0.7556,0.8087,0.7556,0.7635,0.0,0.7556,0.7746,0.7556,0.7556,0.7746,0.7556,0.7746,0.7556,0.7746,0.7635,0.7556,0.7746,0.7556,0.7635,0.8367,0.7746,0.7556,0.7556,0.7556,0.7635,0.7556,0.7899,0.7556,0.7746,0.7556,0.0,0.7556,0.7556,0.7556,0.7746,0.7746,0.7746,0.7635,0.7556,0.7635,0.7556,0.3848,0.2484,0.0,0.7635,0.7635,0.7655,0.0,0.0,0.7746,0.7556,0.5878,0.7556,0.0,0.0,0.0,0.0,0.0,0.0,0.7556,0.7836,0.7746,0.7861,0.0,0.0,0.7635,0.0,0.8367,0.7556,0.0,0.0,0.7556,0.7556,0.0,0.7556,0.0,0.7556,0.7635,0.7556,0.0,0.0,0.0,0.7556,0.7556,0.7635,0.7746,0.0
0.7746,0.8019,0.7746,0.8521,0.7868,0.7746,0.7746,0.7746,0.781,0.0,0.7746,0.7746,0.7868,0.7868,0.7746,0.7746,0.7746,0.7746,0.7746,0.7746,0.781,0.7746,0.7746,0.8019,0.7868,0.8167,0.7868,0.8019,0.7868,0.7868,0.8019,0.8019,0.7746,0.7746,0.7746,0.7746,0.7746,0.8526,0.0,0.8019,0.8301,0.7868,0.7746,0.7746,0.7868,0.7746,0.7746,0.7746,0.7746,0.7746,0.8019,0.7746,0.7746,0.7746,0.8019,0.8167,0.7746,0.7746,0.7746,0.7868,0.8019,0.7868,0.7931,0.7868,0.7746,0.7868,0.8167,0.7868,0.7746,0.7868,0.7746,0.7746,0.7746,0.8019,0.7868,0.8019,0.7868,0.7746,0.7746,0.7746,0.8019,0.8019,0.7746,0.8167,0.7746,0.0,0.0,0.8093,0.0,0.8301,0.8167,0.7868,0.7868,0.8019,0.7868,0.7868,0.7981,0.8167,0.8283,0.842,0.7746,0.0,0.7868,0.8167,0.7868,0.8167,0.7746,0.7746,0.7746,0.7746,0.7868,0.7868,0.7868,0.8019,0.7868,0.7746,0.7746,0.7746,0.7746,0.7746,0.8019,0.7746,0.7868
0.3419,0.7457,0.0,0.2819,0.0,0.0,0.7556,0.7556,0.0,0.3395,0.7868,0.7556,0.0,0.7457,0.7868,0.7556,0.7556,0.7556,0.3419,0.7556,0.2374,0.7556,0.0,0.4198,0.0,0.751,0.0,0.0,0.7457,0.7457,0.3409,0.0,0.7556,0.7556,0.0,0.7556,0.7556,0.5718,0.7556,0.0,0.0,0.7457,0.3539,0.3973,0.7457,0.7868,0.0,0.7868,0.0,0.7868,0.0,0.0,0.0,0.0,0.7457,0.8562,0.7868,0.7556,0.7556,0.0,0.7457,0.0,0.5766,0.7457,0.0,0.7457,0.751,0.0,0.7556,0.7457,0.7868,0.7868,0.7868,0.0,0.7457,0.0,0.7457,0.7556,0.7868,0.7556,0.0,0.7457,0.7714,0.0,0.7556,0.0,0.0,0.5797,0.7556,0.7589,0.751,0.7457,0.7457,0.7457,0.0,0.7457,0.5705,0.0,0.555,0.0,0.7868,0.0,0.7457,0.8562,0.7457,0.8562,0.7868,0.7556,0.7556,0.7868,0.0,0.7457,0.7457,0.7457,0.7457,0.7868,0.7556,0.7556,0.7556,0.7556,0.7457,0.7868,0.7457
0.6375,0.3559,0.6615,0.1822,0.5319,0.6075,0.7925,0.5878,0.5158,0.5797,0.8093,0.5402,0.5797,0.5797,0.6075,0.5878,0.6724,0.7925,0.5878,0.6654,0.5454,0.7925,0.8093,0.6234,0.5797,0.6527,0.69,0.7151,0.7861,0.655,0.6666,0.4008,0.7925,0.0,0.5878,0.574,0.6654,0.519,0.0,0.6329,0.795,0.7861,0.6075,0.5878,0.7861,0.6075,0.5571,0.8093,0.6546,0.577,0.6565,0.6863,0.6075,0.5878,0.5775,0.8591,0.6075,0.5878,0.5878,0.5797,0.5775,0.6746,0.5566,0.5797,0.7084,0.7861,0.7893,0.69,0.7925,0.7861,0.8093,0.6075,0.0,0.5775,0.5797,0.6312,0.7861,0.5878,0.8093,0.6546,0.536,0.601,0.5979,0.6671,0.5878,0.8093,0.5797,0.0,0.7925,0.3154,0.5788,0.5797,0.5797,0.5775,0.6699,0.5675,0.5508,0.7893,0.543,0.7337,0.8093,0.63,0.6447,0.8591,0.5797,0.8591,0.6075,0.5878,0.5878,0.8093,0.7861,0.6647,0.6746,0.5775,0.6614,0.6804,0.5878,0.6546,0.0,0.0,0.6518,0.0,0.6746
0.7556,0.0,0.7746,0.0,0.0,0.0,0.7556,0.7556,0.7556,0.0,0.7746,0.7556,0.7556,0.0,0.7746,0.7556,0.0,0.7556,0.7556,0.0,0.0,0.0,0.0,0.7635,0.7556,0.0,0.7556,0.7635,0.7556,0.0,0.0,0.7635,0.7556,0.0,0.0,0.0,0.0,0.0,0.0,0.0,0.0,0.0,0.7746,0.7556,0.7556,0.7746,0.7556,0.7746,0.0,0.7746,0.0,0.7556,0.0,0.7556,0.7635,0.8367,0.7746,0.7556,0.7556,0.7556,0.0,0.7556,0.7899,0.0,0.7746,0.0,0.0,0.7556,0.0,0.0,0.0,0.7746,0.7746,0.0,0.0,0.0,0.0,0.7556,0.7746,0.7556,0.0,0.7635,0.5626,0.7746,0.7556,0.0,0.7556,0.7925,0.0,0.0,0.7746,0.0,0.7556,0.7635,0.7556,0.0,0.584,0.7746,0.5861,0.0,0.7746,0.0,0.0,0.8367,0.0,0.8367,0.7746,0.7556,0.7556,0.7746,0.7556,0.7556,0.7556,0.0,0.7556,0.7746,0.7556,0.7556,0.7556,0.7556,0.7635,0.7746,0.7556
0.0,0.0,0.0,0.2672,0.0,0.0,0.7861,0.7861,0.0,0.7589,0.8301,0.0,0.4412,0.4412,0.0,0.7861,0.3637,0.7861,0.7861,0.4719,0.4612,0.0,0.0,0.7423,0.7589,0.4296,0.462,0.0,0.7589,0.4505,0.4283,0.0,0.7861,0.4204,0.0,0.0,0.3985,0.4156,0.0,0.4373,0.4169,0.0,0.8301,0.7861,0.7589,0.0,0.0,0.8301,0.3637,0.0,0.4373,0.0,0.0,0.7861,0.7423,0.8978,0.0,0.7861,0.7861,0.7589,0.4283,0.0,0.6017,0.0,0.8301,0.0,0.3636,0.0,0.0,0.0,0.0,0.0,0.0,0.4283,0.4266,0.0,0.0,0.0,0.0,0.2998,0.0,0.0,0.5916,0.3834,0.0,0.8301,0.7589,0.3154,0.0,0.0,0.0,0.0,0.0,0.0,0.0,0.0,0.5517,0.7335,0.5404,0.2596,0.0,0.0,0.0,0.8978,0.0,0.0,0.0,0.0,0.0,0.0,0.7589,0.0,0.0,0.0,0.0,0.0,0.0,0.0,0.2956,0.0,0.0,0.3169,0.0
0.7746,0.0,0.8167,0.3987,0.751,0.8167,0.4726,0.0,0.7629,0.0,0.4725,0.0,0.751,0.0,0.8167,0.7746,0.7746,0.4561,0.0,0.7746,0.7629,0.7746,0.8167,0.7382,0.3439,0.7335,0.751,0.7382,0.4015,0.751,0.0,0.0,0.4657,0.7746,0.0,0.7746,0.7746,0.5343,0.0,0.7382,0.4144,0.3771,0.8167,0.0,0.0,0.0,0.7746,0.8167,0.7746,0.8167,0.7382,0.7746,0.8167,0.3581,0.5394,0.8866,0.0,0.0,0.0,0.3439,0.0,0.0,0.5805,0.0,0.8167,0.3737,0.7335,0.751,0.0,0.0,0.0,0.0,0.8167,0.0,0.0,0.7382,0.0,0.7746,0.8167,0.0,0.7382,0.0,0.7956,0.4424,0.0,0.8167,0.751,0.5788,0.7746,0.0,0.0,0.3979,0.17,0.0,0.0,0.0,0.8056,0.4316,0.4525,0.0,0.8167,0.7382,0.0,0.8866,0.0,0.8866,0.8167,0.0,0.0,0.8167,0.4375,0.0,0.751,0.7382,0.0,0.0,0.7746,0.0,0.7746,0.0,0.7382,0.8167,0.2795
0.7556,0.3742,0.7868,0.567,0.7457,0.7868,0.0,0.7556,0.7503,0.7457,0.7868,0.7556,0.7457,0.7457,0.0,0.0,0.7556,0.0,0.0,0.7556,0.7503,0.7556,0.7868,0.7457,0.0,0.751,0.7457,0.0,0.0,0.7457,0.7457,0.0,0.0,0.7556,0.7556,0.7556,0.7556,0.0,0.7556,0.7457,0.7589,0.0,0.7868,0.0,0.7457,0.7868,0.7556,0.7868,0.7556,0.7868,0.7457,0.7556,0.7868,0.7556,0.2767,0.8562,0.7868,0.7556,0.3973,0.7457,0.0,0.0,0.7874,0.7457,0.7868,0.7457,0.751,0.7457,0.0,0.7457,0.0,0.7868,0.7868,0.7457,0.7457,0.7457,0.7457,0.7556,0.7868,0.0,0.7457,0.0,0.7714,0.3979,0.0,0.7868,0.7457,0.5797,0.0,0.0,0.3979,0.0,0.0,0.3948,0.3936,0.0,0.7874,0.751,0.2397,0.0,0.7868,0.7457,0.0,0.8562,0.0,0.8562,0.7868,0.7556,0.7556,0.7868,0.0,0.0,0.0,0.7457,0.7457,0.0,0.7556,0.0,0.0,0.0,0.7457,0.7868,0.4189
0.7556,0.7457,0.7868,0.0,0.7457,0.7868,0.2765,0.2765,0.7503,0.0,0.4564,0.7556,0.0,0.7457,0.7868,0.0,0.7556,0.2765,0.7556,0.7556,0.7503,0.7556,0.7868,0.7457,0.0,0.751,0.7457,0.0,0.4787,0.0,0.7457,0.7457,0.4234,0.7556,0.7556,0.7556,0.7556,0.0,0.7556,0.0,0.3805,0.0,0.7868,0.7556,0.0,0.7868,0.7556,0.0,0.7556,0.7868,0.7457,0.0,0.7868,0.376,0.4345,0.0,0.0,0.3419,0.7556,0.3015,0.0,0.7457,0.0,0.2753,0.7868,0.3395,0.0,0.7457,0.7556,0.2753,0.7868,0.7868,0.7868,0.7457,0.0,0.7457,0.3395,0.7556,0.7868,0.0,0.7457,0.7457,0.0,0.5112,0.0,0.7868,0.7457,0.5797,0.7556,0.0,0.17,0.0,0.0,0.0,0.0,0.7457,0.7874,0.751,0.3475,0.0,0.7868,0.7457,0.0,0.0,0.7457,0.8562,0.7868,0.2765,0.2765,0.7868,0.0,0.0,0.7457,0.7457,0.2753,0.0,0.0,0.0,0.7556,0.7556,0.7457,0.7868,0.0
0.7635,0.7382,0.8019,0.2987,0.7457,0.8019,0.0,0.0,0.7543,0.0,0.0,0.7635,0.7457,0.7457,0.0,0.0,0.7635,0.7635,0.7635,0.7635,0.7543,0.7635,0.8019,0.7382,0.7457,0.7382,0.7457,0.0,0.0,0.7457,0.7382,0.7382,0.0,0.7635,0.7635,0.7635,0.7635,0.0,0.7635,0.7382,0.0,0.7457,0.8019,0.7635,0.7457,0.8019,0.7635,0.8019,0.7635,0.8019,0.7382,0.7635,0.8019,0.0,0.4147,0.8729,0.0,0.0,0.0,0.0,0.0,0.0,0.7975,0.0,0.8019,0.0,0.7382,0.7457,0.7635,0.0,0.8019,0.8019,0.8019,0.7382,0.0,0.7382,0.7457,0.7635,0.8019,0.0,0.7382,0.0,0.7829,0.0,0.0,0.8019,0.7457,0.5775,0.7635,0.0,0.0,0.3948,0.0,0.0,0.0,0.7457,0.7956,0.0,0.3072,0.0,0.8019,0.7382,0.0,0.8729,0.7457,0.8729,0.8019,0.0,0.0,0.8019,0.7457,0.0,0.4198,0.7382,0.0,0.0,0.7635,0.0,0.0,0.7635,0.7382,0.8019,0.0
0.0,0.7457,0.0,0.3088,0.0,0.0,0.7556,0.7556,0.5509,0.0,0.7868,0.7556,0.7457,0.7457,0.0,0.0,0.7556,0.7556,0.0,0.7556,0.5509,0.7556,0.7868,0.0,0.0,0.751,0.0,0.4198,0.7457,0.7457,0.0,0.0,0.7556,0.7556,0.0,0.7556,0.7556,0.3019,0.7556,0.0,0.7589,0.7457,0.0,0.0,0.7457,0.7868,0.7556,0.7868,0.0,0.7868,0.0,0.0,0.0,0.0,0.0,0.8562,0.7868,0.7556,0.0,0.0,0.0,0.4189,0.5766,0.7457,0.0,0.7457,0.751,0.0,0.7556,0.7457,0.7868,0.7868,0.7868,0.7457,0.7457,0.0,0.7457,0.7556,0.7868,0.0,0.0,0.0,0.7714,0.3979,0.0,0.7868,0.0,0.6699,0.7556,0.0,0.0,0.3936,0.0,0.0,0.0,0.7457,0.5661,0.751,0.6485,0.0,0.7868,0.7457,0.0,0.8562,0.7457,0.8562,0.7868,0.7556,0.7556,0.7868,0.0,0.0,0.0,0.0,0.7457,0.0,0.7556,0.0,0.0,0.7556,0.7457,0.7868,0.0
0.7556,0.4345,0.7868,0.4339,0.3395,0.0,0.0,0.7556,0.2753,0.7457,0.7868,0.0,0.7457,0.3936,0.7868,0.7556,0.0,0.0,0.0,0.0,0.0,0.3419,0.0,0.0,0.0,0.4228,0.7457,0.7457,0.0,0.0,0.0,0.3409,0.0,0.3419,0.0,0.3419,0.0,0.2843,0.7556,0.4198,0.4505,0.4189,0.7868,0.0,0.0,0.7868,0.0,0.0,0.0,0.0,0.4198,0.7556,0.0,0.7556,0.0,0.8562,0.7868,0.7556,0.0,0.7457,0.0,0.7457,0.7874,0.0,0.7868,0.0,0.0,0.0,0.289,0.4189,0.4126,0.7868,0.0,0.3948,0.0,0.4345,0.0,0.7556,0.7868,0.7556,0.4153,0.0,0.567,0.0,0.7556,0.7868,0.7457,0.5675,0.0,0.0,0.0,0.0,0.7457,0.7457,0.7457,0.0,0.5831,0.751,0.2983,0.0,0.0,0.0,0.0,0.8562,0.0,0.8562,0.7868,0.7556,0.7556,0.0,0.0,0.7457,0.7457,0.0,0.7457,0.7868,0.7556,0.7556,0.7556,0.0,0.0,0.7868,0.0
0.5464,0.0,0.5454,0.5588,0.5078,0.5197,0.7836,0.0,0.5139,0.618,0.7981,0.5749,0.5261,0.5472,0.584,0.0,0.2557,0.7836,0.6165,0.1466,0.5141,0.584,0.534,0.2821,0.5661,0.1841,0.192,0.2731,0.7874,0.1681,0.5359,0.0,0.7836,0.584,0.5086,0.584,0.0,0.565,0.7836,0.5452,0.5466,0.5831,0.6388,0.6321,0.7874,0.584,0.5128,0.7981,0.472,0.584,0.2238,0.5204,0.5477,0.5644,0.0,0.8426,0.584,0.0,0.0,0.5661,0.5529,0.5215,0.5254,0.2053,0.0,0.5831,0.5912,0.192,0.584,0.5831,0.5958,0.584,0.7981,0.5334,0.5398,0.2844,0.5831,0.0,0.7981,0.5749,0.5372,0.0,0.0,0.5779,0.7836,0.7981,0.5705,0.5508,0.584,0.5517,0.8056,0.7874,0.7874,0.7956,0.5661,0.5831,0.0,0.5779,0.1846,0.3516,0.7981,0.3511,0.2515,0.8426,0.2053,0.8426,0.0,0.5749,0.5749,0.7981,0.5661,0.2053,0.2507,0.0,0.2053,0.584,0.0,0.5749,0.5749,0.0,0.0,0.584,0.0
0.0,0.7382,0.8167,0.2918,0.751,0.8167,0.7746,0.7746,0.5608,0.0,0.8167,0.0,0.0,0.0,0.8167,0.7746,0.7746,0.7746,0.0,0.7746,0.0,0.7746,0.0,0.0,0.751,0.7335,0.751,0.7382,0.751,0.751,0.4132,0.7382,0.7746,0.7746,0.0,0.7746,0.7746,0.5343,0.0,0.7382,0.4211,0.751,0.0,0.0,0.751,0.0,0.0,0.8167,0.7746,0.8167,0.7382,0.7746,0.8167,0.7746,0.7382,0.8866,0.8167,0.7746,0.7746,0.751,0.0,0.0,0.5805,0.751,0.8167,0.0,0.7335,0.751,0.7746,0.751,0.8167,0.0,0.8167,0.4132,0.751,0.7382,0.751,0.7746,0.8167,0.7746,0.7382,0.0,0.7956,0.7335,0.7746,0.8167,0.0,0.7893,0.7746,0.7335,0.4316,0.751,0.751,0.0,0.751,0.751,0.5779,0.0,0.5445,0.0,0.8167,0.0,0.751,0.8866,0.751,0.8866,0.8167,0.7746,0.7746,0.8167,0.0,0.0,0.751,0.7382,0.751,0.8167,0.7746,0.7746,0.7746,0.7746,0.7382,0.8167,0.751
0.5758,0.0,0.6091,0.501,0.5301,0.588,0.4124,0.4235,0.5554,0.2874,0.0,0.5861,0.0,0.2947,0.6091,0.441,0.2931,0.2944,0.3171,0.0,0.5357,0.5861,0.6213,0.0,0.2775,0.0,0.0,0.4098,0.568,0.1917,0.3703,0.1525,0.5353,0.5861,0.3932,0.5861,0.0,0.4277,0.5861,0.2725,0.4848,0.3079,0.6091,0.25,0.7603,0.6213,0.7861,0.0,0.5525,0.8283,0.1696,0.2051,0.5805,0.3242,0.5482,0.0,0.0,0.0,0.5085,0.3376,0.4951,0.5801,0.2118,0.4047,0.0,0.4709,0.2692,0.0,0.2931,0.3477,0.3328,0.6213,0.8283,0.287,0.2809,0.2659,0.2424,0.0,0.8283,0.7861,0.51,0.196,0.0,0.4985,0.7861,0.8283,0.555,0.543,0.5861,0.5404,0.4525,0.2397,0.3475,0.3072,0.6485,0.2983,0.1846,0.5445,0.0,0.4099,0.8283,0.0,0.2424,0.0,0.4428,0.8955,0.0,0.2944,0.2944,0.8283,0.0,0.0,0.1967,0.0,0.408,0.8283,0.2944,0.0,0.5758,0.2944,0.0,0.8283,0.0
0.484,0.0,0.5185,0.5292,0.4304,0.4843,0.0,0.4519,0.2852,0.0,0.842,0.4673,0.3842,0.556,0.0,0.4254,0.5441,0.0,0.0,0.4099,0.5145,0.0,0.0,0.2761,0.0,0.3682,0.4252,0.5181,0.0,0.4704,0.6009,0.2761,0.0,0.0,0.5861,0.0,0.4099,0.5699,0.0,0.5641,0.545,0.0,0.0,0.0,0.7681,0.3943,0.0,0.0,0.5967,0.0,0.4313,0.4993,0.4556,0.0,0.0,0.0,0.0,0.2993,0.0,0.3842,0.5945,0.5664,0.3796,0.5161,0.3206,0.4542,0.3834,0.4252,0.0,0.4304,0.0,0.3943,0.842,0.5363,0.405,0.429,0.4451,0.0,0.842,0.0,0.3919,0.36,0.3703,0.513,0.0,0.842,0.0,0.7337,0.0,0.2596,0.0,0.0,0.0,0.0,0.0,0.0,0.3516,0.0,0.4099,0.0,0.842,0.3718,0.1788,0.0,0.3506,0.9066,0.0,0.4032,0.4032,0.842,0.7681,0.0,0.405,0.2761,0.4955,0.0,0.368,0.0,0.0,0.0,0.2761,0.0,0.405
0.7746,0.8019,0.7746,0.8521,0.7868,0.7746,0.7746,0.7746,0.5775,0.7868,0.7746,0.7746,0.0,0.0,0.7746,0.7746,0.7746,0.7746,0.7746,0.7746,0.781,0.0,0.7746,0.8019,0.7868,0.0,0.0,0.8019,0.7868,0.7868,0.8019,0.8019,0.7746,0.0,0.7746,0.7746,0.7746,0.8526,0.7746,0.8019,0.0,0.7868,0.7746,0.7746,0.0,0.7746,0.7746,0.0,0.7746,0.7746,0.8019,0.7746,0.7746,0.7746,0.8019,0.8167,0.7746,0.7746,0.7746,0.7868,0.8019,0.7868,0.7931,0.7868,0.7746,0.7868,0.0,0.0,0.0,0.0,0.7746,0.7746,0.7746,0.0,0.7868,0.8019,0.7868,0.0,0.0,0.0,0.0,0.8019,0.7746,0.8167,0.0,0.7746,0.7868,0.8093,0.7746,0.0,0.8167,0.7868,0.7868,0.8019,0.7868,0.0,0.7981,0.8167,0.8283,0.842,0.0,0.8019,0.7868,0.8167,0.7868,0.0,0.0,0.7746,0.7746,0.0,0.7868,0.7868,0.7868,0.8019,0.7868,0.7746,0.0,0.7746,0.7746,0.7746,0.0,0.7746,0.7868
0.3511,0.39,0.0,0.2356,0.0,0.8019,0.7635,0.0,0.4272,0.2767,0.8019,0.407,0.3409,0.0,0.0,0.0,0.3855,0.7635,0.0,0.3511,0.2807,0.7635,0.0,0.5098,0.7457,0.3365,0.3409,0.3696,0.7457,0.3409,0.4147,0.39,0.7635,0.7635,0.7635,0.0,0.3511,0.2747,0.0,0.4147,0.0,0.7457,0.0,0.0,0.7457,0.0,0.3911,0.8019,0.0,0.0,0.4762,0.0,0.8019,0.7635,0.0,0.8729,0.0,0.0,0.0,0.7457,0.0,0.0,0.5886,0.0,0.0,0.7457,0.7382,0.3409,0.7635,0.7457,0.8019,0.0,0.0,0.4147,0.0,0.4147,0.7457,0.0,0.8019,0.0,0.0,0.4876,0.0,0.7382,0.7635,0.0,0.0,0.63,0.0,0.0,0.7382,0.7457,0.7457,0.7382,0.7457,0.0,0.3511,0.0,0.0,0.3718,0.8019,0.0,0.0,0.8729,0.0,0.8729,0.0,0.0,0.0,0.8019,0.0,0.3742,0.4198,0.0,0.3742,0.0,0.0,0.0,0.0,0.0,0.3372,0.0,0.0
0.7556,0.0,0.7868,0.0,0.0,0.0,0.7556,0.0,0.7503,0.7457,0.7868,0.7556,0.7457,0.0,0.7868,0.0,0.4385,0.7556,0.7556,0.3419,0.0,0.0,0.0,0.4198,0.7457,0.3439,0.0,0.0,0.7457,0.3395,0.0,0.0,0.7556,0.0,0.0,0.0,0.3419,0.0,0.7556,0.0,0.0,0.0,0.7868,0.7556,0.7457,0.7868,0.7556,0.7868,0.0,0.7868,0.3409,0.7556,0.0,0.7556,0.0,0.8562,0.7868,0.0,0.0,0.7457,0.0,0.7457,0.7874,0.3728,0.0,0.0,0.2795,0.0,0.0,0.0,0.0,0.7868,0.7868,0.0,0.0,0.3185,0.2753,0.0,0.7868,0.0,0.0,0.0,0.2439,0.0,0.0,0.7868,0.7457,0.6447,0.0,0.0,0.0,0.0,0.0,0.0,0.0,0.0,0.2515,0.751,0.2424,0.1788,0.7868,0.0,0.0,0.8562,0.4713,0.8562,0.0,0.7556,0.7556,0.7868,0.7457,0.0,0.0,0.3409,0.0,0.0,0.0,0.0,0.7556,0.0,0.0,0.7868,0.4357
0.8367,0.8729,0.8167,0.9138,0.8562,0.8167,0.0,0.0,0.8468,0.8562,0.8167,0.8367,0.0,0.8562,0.8167,0.0,0.8367,0.0,0.8367,0.8367,0.8468,0.8367,0.8167,0.8729,0.8562,0.8866,0.8562,0.0,0.0,0.0,0.8729,0.8729,0.0,0.8367,0.8367,0.8367,0.8367,0.0,0.8367,0.0,0.0,0.8562,0.8167,0.8367,0.8562,0.8167,0.8367,0.0,0.8367,0.8167,0.8729,0.0,0.8167,0.8367,0.8729,0.0,0.8167,0.0,0.8367,0.0,0.0,0.8562,0.0,0.0,0.8167,0.8562,0.0,0.8562,0.8367,0.0,0.8167,0.8167,0.8167,0.8729,0.8562,0.8729,0.0,0.8367,0.8167,0.8367,0.8729,0.8729,0.0,0.0,0.8367,0.8167,0.8562,0.8591,0.8367,0.8978,0.8866,0.8562,0.0,0.8729,0.8562,0.8562,0.8426,0.8866,0.0,0.0,0.8167,0.8729,0.8562,0.0,0.8562,0.8167,0.8167,0.0,0.0,0.8167,0.8562,0.8562,0.8562,0.8729,0.0,0.8167,0.0,0.8367,0.8367,0.8367,0.8729,0.8167,0.8562
0.7556,0.3948,0.7868,0.0,0.0,0.0,0.0,0.0,0.7503,0.7457,0.7868,0.7556,0.7457,0.0,0.7868,0.0,0.4234,0.0,0.0,0.2765,0.0,0.0,0.0,0.2767,0.0,0.2795,0.0,0.0,0.0,0.2753,0.0,0.3948,0.0,0.0,0.0,0.0,0.2765,0.0,0.7556,0.0,0.0,0.4189,0.7868,0.0,0.7457,0.7868,0.7556,0.7868,0.0,0.7868,0.2767,0.7556,0.0,0.7556,0.2767,0.8562,0.7868,0.0,0.2765,0.7457,0.0,0.7457,0.7874,0.3395,0.0,0.0,0.3439,0.0,0.3419,0.0,0.4126,0.7868,0.7868,0.0,0.0,0.4528,0.3395,0.0,0.7868,0.7556,0.0,0.0,0.1995,0.0,0.7556,0.7868,0.7457,0.5797,0.0,0.0,0.0,0.0,0.7457,0.7457,0.7457,0.0,0.2053,0.751,0.4428,0.3506,0.7868,0.0,0.4713,0.8562,0.0,0.8562,0.0,0.7556,0.7556,0.7868,0.0,0.0,0.0,0.2767,0.0,0.7868,0.0,0.7556,0.7556,0.4234,0.0,0.7868,0.4426
0.8367,0.8729,0.8167,0.9138,0.8562,0.8167,0.8367,0.8367,0.8468,0.8562,0.8167,0.8367,0.0,0.8562,0.8167,0.8367,0.8367,0.8367,0.8367,0.8367,0.8468,0.8367,0.8167,0.8729,0.8562,0.8866,0.0,0.8729,0.8562,0.8562,0.8729,0.8729,0.8367,0.8367,0.8367,0.8367,0.8367,0.9143,0.8367,0.8729,0.0,0.8562,0.8167,0.8367,0.8562,0.8167,0.8367,0.8167,0.8367,0.8167,0.8729,0.8367,0.8167,0.8367,0.8729,0.8167,0.8167,0.8367,0.8367,0.8562,0.8729,0.8562,0.8367,0.8562,0.8167,0.8562,0.0,0.8562,0.8367,0.8562,0.8167,0.8167,0.8167,0.8729,0.8562,0.8729,0.8562,0.0,0.0,0.0,0.8729,0.8729,0.8264,0.8866,0.0,0.8167,0.8562,0.8591,0.8367,0.0,0.8866,0.8562,0.8562,0.8729,0.8562,0.8562,0.8426,0.8866,0.8955,0.9066,0.0,0.8729,0.8562,0.8167,0.8562,0.0,0.0,0.8367,0.8367,0.0,0.8562,0.8562,0.8562,0.8729,0.8562,0.8167,0.0,0.8367,0.8367,0.8367,0.8729,0.8167,0.8562
0.7746,0.0,0.7746,0.8521,0.7868,0.7746,0.7746,0.0,0.781,0.7868,0.7746,0.7746,0.0,0.7868,0.7746,0.0,0.0,0.7746,0.7746,0.0,0.781,0.7746,0.7746,0.0,0.7868,0.0,0.4126,0.0,0.7868,0.0,0.8019,0.0,0.7746,0.7746,0.7746,0.7746,0.0,0.8526,0.7746,0.8019,0.0,0.7868,0.7746,0.7746,0.7868,0.7746,0.7746,0.7746,0.7746,0.7746,0.0,0.7746,0.7746,0.7746,0.0,0.8167,0.7746,0.0,0.0,0.7868,0.8019,0.7868,0.7931,0.0,0.0,0.7868,0.0,0.0,0.7746,0.7868,0.7746,0.7746,0.7746,0.8019,0.7868,0.0,0.7868,0.312,0.0,0.0,0.8019,0.0,0.0,0.8167,0.0,0.7746,0.7868,0.6075,0.7746,0.0,0.8167,0.7868,0.7868,0.8019,0.7868,0.7868,0.0,0.8167,0.0,0.0,0.0,0.0,0.0,0.8167,0.0,0.0,0.0,0.7746,0.7746,0.0,0.7868,0.0,0.0,0.0,0.0,0.7746,0.0,0.7746,0.7746,0.0,0.0,0.7746,0.0
0.0,0.7635,0.0,0.0,0.7556,0.7746,0.0,0.0,0.0,0.0,0.0,0.0,0.0,0.0,0.0,0.0,0.0,0.0,0.7556,0.0,0.0,0.7556,0.7746,0.7635,0.7556,0.0,0.0,0.4481,0.4234,0.4234,0.0,0.7635,0.3848,0.7556,0.7556,0.7556,0.0,0.4293,0.7556,0.0,0.3637,0.7556,0.7746,0.7556,0.7556,0.0,0.0,0.0,0.0,0.0,0.0,0.0,0.7746,0.0,0.0,0.0,0.3953,0.2651,0.7556,0.0,0.407,0.0,0.0,0.0,0.7746,0.0,0.0,0.0,0.7556,0.0,0.7746,0.0,0.7746,0.0,0.3973,0.7635,0.0,0.7556,0.7746,0.0,0.7635,0.0,0.0,0.0,0.7556,0.7746,0.7556,0.5878,0.7556,0.0,0.0,0.7556,0.2765,0.0,0.7556,0.7556,0.5749,0.7746,0.2944,0.4032,0.7746,0.0,0.7556,0.0,0.7556,0.8367,0.7746,0.0,0.0,0.7746,0.7556,0.0,0.0,0.7635,0.2145,0.0,0.0,0.4261,0.0,0.7556,0.0,0.0,0.7556
0.0,0.7635,0.0,0.0,0.7556,0.7746,0.0,0.0,0.0,0.0,0.0,0.0,0.0,0.0,0.0,0.0,0.0,0.0,0.7556,0.0,0.0,0.7556,0.7746,0.7635,0.7556,0.0,0.0,0.4481,0.4234,0.4234,0.0,0.7635,0.3848,0.7556,0.7556,0.7556,0.0,0.4293,0.7556,0.0,0.3637,0.7556,0.7746,0.7556,0.7556,0.0,0.0,0.0,0.0,0.0,0.0,0.0,0.7746,0.0,0.0,0.0,0.3953,0.2651,0.7556,0.0,0.407,0.0,0.0,0.0,0.7746,0.0,0.0,0.0,0.7556,0.0,0.7746,0.0,0.7746,0.0,0.3973,0.7635,0.0,0.7556,0.7746,0.0,0.7635,0.0,0.0,0.0,0.7556,0.7746,0.7556,0.5878,0.7556,0.0,0.0,0.7556,0.2765,0.0,0.7556,0.7556,0.5749,0.7746,0.2944,0.4032,0.7746,0.0,0.7556,0.0,0.7556,0.8367,0.7746,0.0,0.0,0.7746,0.7556,0.0,0.0,0.7635,0.2145,0.0,0.0,0.4261,0.0,0.7556,0.0,0.0,0.7556
0.7746,0.8019,0.7746,0.8521,0.7868,0.7746,0.7746,0.7746,0.5775,0.7868,0.7746,0.7746,0.0,0.0,0.7746,0.7746,0.7746,0.7746,0.7746,0.7746,0.781,0.0,0.7746,0.8019,0.7868,0.0,0.0,0.8019,0.7868,0.7868,0.8019,0.8019,0.7746,0.0,0.7746,0.7746,0.7746,0.8526,0.7746,0.8019,0.0,0.7868,0.7746,0.7746,0.0,0.7746,0.7746,0.0,0.7746,0.7746,0.8019,0.7746,0.7746,0.7746,0.8019,0.8167,0.7746,0.7746,0.7746,0.7868,0.8019,0.7868,0.7931,0.7868,0.7746,0.7868,0.0,0.0,0.0,0.0,0.7746,0.7746,0.7746,0.0,0.7868,0.8019,0.7868,0.0,0.0,0.0,0.0,0.8019,0.7746,0.8167,0.0,0.7746,0.7868,0.8093,0.7746,0.0,0.8167,0.7868,0.7868,0.8019,0.7868,0.0,0.7981,0.8167,0.8283,0.842,0.0,0.8019,0.7868,0.8167,0.7868,0.0,0.0,0.7746,0.7746,0.0,0.7868,0.7868,0.7868,0.8019,0.7868,0.7746,0.0,0.7746,0.7746,0.7746,0.0,0.7746,0.7868
0.0,0.0,0.7868,0.567,0.7457,0.7868,0.0,0.7556,0.5527,0.0,0.0,0.7556,0.0,0.7457,0.7868,0.7556,0.7556,0.3419,0.3419,0.7556,0.0,0.7556,0.0,0.0,0.4339,0.751,0.7457,0.7457,0.4189,0.7457,0.0,0.0,0.0,0.7556,0.7556,0.7556,0.7556,0.7772,0.7556,0.7457,0.0,0.443,0.0,0.2765,0.0,0.7868,0.0,0.7868,0.7556,0.7868,0.7457,0.7556,0.7868,0.0,0.3409,0.8562,0.7868,0.7556,0.0,0.0,0.7457,0.7457,0.7874,0.7457,0.7868,0.0,0.751,0.7457,0.0,0.7457,0.0,0.7868,0.7868,0.0,0.7457,0.7457,0.0,0.7556,0.7868,0.7556,0.7457,0.7457,0.7714,0.4228,0.7556,0.7868,0.0,0.7861,0.7556,0.7589,0.4375,0.0,0.0,0.7457,0.0,0.0,0.5661,0.0,0.0,0.7681,0.7868,0.0,0.7457,0.8562,0.0,0.8562,0.7868,0.7556,0.7556,0.7868,0.0,0.7457,0.7457,0.0,0.7457,0.7868,0.7556,0.7556,0.7556,0.0,0.7457,0.7868,0.0
0.0,0.0,0.0,0.7772,0.7457,0.7868,0.7556,0.0,0.0,0.7457,0.7868,0.0,0.0,0.0,0.0,0.0,0.3419,0.7556,0.7556,0.2765,0.0,0.7556,0.7868,0.0,0.7457,0.2795,0.2753,0.3409,0.7457,0.2753,0.0,0.0,0.7556,0.7556,0.7556,0.7556,0.2765,0.0,0.7556,0.0,0.7589,0.7457,0.7868,0.7556,0.7457,0.0,0.0,0.7868,0.0,0.0,0.2767,0.0,0.7868,0.7556,0.0,0.8562,0.0,0.0,0.0,0.7457,0.0,0.0,0.5469,0.0,0.0,0.7457,0.751,0.2753,0.7556,0.7457,0.7868,0.0,0.7868,0.0,0.0,0.0,0.7457,0.0,0.7868,0.0,0.7457,0.2767,0.0,0.0,0.0,0.7868,0.7457,0.6647,0.7556,0.0,0.0,0.0,0.0,0.0,0.0,0.7457,0.2053,0.0,0.0,0.0,0.7868,0.3742,0.0,0.8562,0.0,0.8562,0.0,0.0,0.0,0.7868,0.7457,0.0,0.3936,0.0,0.3395,0.0,0.0,0.0,0.0,0.0,0.2767,0.0,0.3936
0.0,0.0,0.0,0.567,0.7457,0.7868,0.7556,0.0,0.0,0.7457,0.7868,0.0,0.0,0.0,0.3539,0.4234,0.3973,0.7556,0.7556,0.3419,0.0,0.7556,0.7868,0.0,0.7457,0.3439,0.3395,0.4759,0.7457,0.3395,0.0,0.0,0.7556,0.7556,0.7556,0.7556,0.3419,0.3539,0.7556,0.0,0.7589,0.7457,0.7868,0.7556,0.7457,0.0,0.0,0.7868,0.0,0.0,0.3409,0.0,0.7868,0.7556,0.4436,0.8562,0.0,0.0,0.4234,0.7457,0.3409,0.3395,0.5835,0.0,0.0,0.7457,0.751,0.3395,0.7556,0.7457,0.7868,0.0,0.7868,0.0,0.0,0.0,0.7457,0.0,0.7868,0.0,0.7457,0.4153,0.0,0.751,0.7556,0.7868,0.7457,0.6746,0.7556,0.0,0.751,0.0,0.7457,0.4198,0.0,0.7457,0.2507,0.751,0.1967,0.405,0.7868,0.4198,0.0,0.8562,0.0,0.8562,0.0,0.0,0.0,0.7868,0.7457,0.3936,0.0,0.0,0.3936,0.0,0.0,0.0,0.3973,0.0,0.3409,0.0,0.0
0.7635,0.0,0.8019,0.0,0.0,0.0,0.7635,0.0,0.7543,0.7457,0.8019,0.7635,0.7457,0.0,0.8019,0.0,0.407,0.7635,0.7635,0.0,0.0,0.0,0.0,0.0,0.0,0.0,0.0,0.0,0.7457,0.0,0.0,0.0,0.7635,0.0,0.0,0.0,0.0,0.0,0.7635,0.0,0.0,0.3742,0.8019,0.7635,0.7457,0.8019,0.7635,0.8019,0.0,0.8019,0.0,0.7635,0.0,0.7635,0.0,0.8729,0.8019,0.0,0.0,0.7457,0.0,0.7457,0.7975,0.2767,0.0,0.0,0.0,0.0,0.0,0.0,0.0,0.8019,0.8019,0.0,0.4436,0.2739,0.0,0.0,0.8019,0.7635,0.0,0.0,0.0,0.7382,0.7635,0.8019,0.7457,0.5775,0.0,0.0,0.7382,0.7457,0.7457,0.7382,0.0,0.0,0.0,0.7382,0.0,0.2761,0.8019,0.0,0.3409,0.8729,0.2767,0.8729,0.0,0.7635,0.7635,0.8019,0.0,0.0,0.0,0.0,0.0,0.8019,0.0,0.7635,0.7635,0.0,0.0,0.8019,0.0
0.0,0.0,0.0,0.0,0.7457,0.7868,0.0,0.0,0.0,0.0,0.0,0.0,0.0,0.0,0.0,0.3419,0.3419,0.0,0.7556,0.2765,0.0,0.7556,0.7868,0.0,0.7457,0.2795,0.2753,0.4952,0.4189,0.4357,0.0,0.0,0.3973,0.7556,0.7556,0.7556,0.2765,0.4086,0.7556,0.0,0.3472,0.7457,0.7868,0.7556,0.7457,0.0,0.0,0.0,0.0,0.0,0.2767,0.0,0.7868,0.0,0.4198,0.0,0.3539,0.344,0.0,0.0,0.3948,0.0,0.0,0.0,0.0,0.0,0.0,0.2753,0.7556,0.0,0.7868,0.0,0.7868,0.0,0.4189,0.0,0.0,0.0,0.7868,0.0,0.7457,0.2767,0.405,0.0,0.7556,0.7868,0.7457,0.6614,0.7556,0.0,0.0,0.7457,0.2753,0.0,0.7457,0.7457,0.2053,0.751,0.408,0.4955,0.7868,0.3742,0.0,0.0,0.0,0.8562,0.0,0.2145,0.2145,0.7868,0.7457,0.3395,0.3936,0.0,0.0,0.0,0.4234,0.376,0.0,0.0,0.2767,0.0,0.0
0.0,0.8019,0.0,0.8521,0.7868,0.7746,0.7746,0.7746,0.0,0.7868,0.7746,0.0,0.0,0.0,0.0,0.7746,0.0,0.7746,0.7746,0.0,0.0,0.7746,0.7746,0.8019,0.7868,0.0,0.0,0.0,0.7868,0.0,0.0,0.8019,0.7746,0.7746,0.7746,0.7746,0.0,0.0,0.7746,0.0,0.8301,0.7868,0.7746,0.7746,0.7868,0.0,0.0,0.7746,0.0,0.0,0.0,0.0,0.7746,0.7746,0.8019,0.8167,0.0,0.7746,0.7746,0.7868,0.0,0.0,0.5916,0.7868,0.7746,0.7868,0.8167,0.0,0.7746,0.7868,0.7746,0.0,0.7746,0.0,0.0,0.8019,0.7868,0.7746,0.7746,0.0,0.8019,0.0,0.7746,0.0,0.0,0.7746,0.7868,0.6804,0.7746,0.0,0.0,0.0,0.0,0.0,0.0,0.7868,0.584,0.8167,0.8283,0.0,0.7746,0.0,0.0,0.8167,0.7868,0.8167,0.7746,0.0,0.0,0.7746,0.7868,0.0,0.0,0.8019,0.0,0.0,0.7746,0.0,0.0,0.7746,0.0,0.0,0.0
0.7556,0.0,0.7746,0.8081,0.7556,0.7746,0.0,0.4108,0.7556,0.7556,0.7746,0.7556,0.3419,0.7556,0.7746,0.3848,0.0,0.0,0.7556,0.0,0.7556,0.7556,0.7746,0.0,0.7556,0.0,0.3973,0.3511,0.0,0.2765,0.7635,0.0,0.0,0.7556,0.7556,0.7556,0.0,0.0,0.7556,0.0,0.0,0.7556,0.7746,0.7556,0.7556,0.7746,0.7556,0.0,0.7556,0.7746,0.0,0.0,0.7746,0.7556,0.0,0.0,0.7746,0.2651,0.0,0.0,0.0,0.7556,0.0,0.4234,0.0,0.7556,0.3581,0.0,0.7556,0.0,0.7746,0.7746,0.7746,0.7635,0.7556,0.0,0.0,0.3295,0.0,0.0,0.7635,0.0,0.2568,0.0,0.0,0.7746,0.7556,0.5878,0.7556,0.0,0.7746,0.7556,0.0,0.7635,0.7556,0.7556,0.0,0.7746,0.2944,0.368,0.0,0.0,0.0,0.0,0.0,0.0,0.0,0.0,0.0,0.0,0.7556,0.0,0.0,0.0,0.4234,0.7746,0.0,0.7556,0.7556,0.0,0.0,0.7746,0.0
0.0,0.7635,0.0,0.0,0.7556,0.7746,0.0,0.0,0.0,0.0,0.0,0.0,0.0,0.0,0.0,0.7556,0.0,0.7556,0.7556,0.0,0.0,0.7556,0.7746,0.7635,0.7556,0.0,0.0,0.0,0.0,0.0,0.0,0.7635,0.0,0.7556,0.7556,0.7556,0.0,0.0,0.7556,0.0,0.0,0.7556,0.7746,0.7556,0.7556,0.0,0.0,0.7746,0.0,0.0,0.0,0.0,0.7746,0.0,0.0,0.8367,0.2484,0.0,0.7556,0.0,0.0,0.0,0.5844,0.0,0.7746,0.0,0.7746,0.0,0.7556,0.0,0.7746,0.0,0.7746,0.0,0.3973,0.7635,0.7556,0.7556,0.7746,0.0,0.7635,0.0,0.7655,0.0,0.0,0.7746,0.7556,0.6546,0.7556,0.0,0.0,0.0,0.0,0.0,0.0,0.7556,0.5749,0.7746,0.0,0.0,0.7746,0.0,0.0,0.8367,0.7556,0.8367,0.7746,0.4261,0.4261,0.7746,0.7556,0.0,0.0,0.7635,0.376,0.0,0.7556,0.0,0.0,0.7556,0.0,0.0,0.0
0.0,0.0,0.0,0.0,0.7556,0.7746,0.7556,0.7556,0.0,0.7556,0.7746,0.0,0.0,0.0,0.2484,0.0,0.0,0.7556,0.7556,0.0,0.0,0.7556,0.7746,0.7635,0.7556,0.0,0.0,0.2847,0.7556,0.0,0.0,0.0,0.7556,0.0,0.7556,0.7556,0.0,0.4558,0.0,0.0,0.7861,0.7556,0.7746,0.7556,0.7556,0.0,0.0,0.7746,0.0,0.0,0.0,0.0,0.7746,0.7556,0.0,0.8367,0.0,0.7556,0.0,0.7556,0.433,0.2765,0.5844,0.7556,0.7746,0.7556,0.7746,0.0,0.7556,0.7556,0.7746,0.0,0.0,0.0,0.0,0.7635,0.7556,0.7556,0.7746,0.0,0.7635,0.3511,0.7655,0.7746,0.7556,0.7746,0.7556,0.0,0.7556,0.2956,0.7746,0.0,0.7556,0.0,0.0,0.7556,0.5749,0.7746,0.5758,0.0,0.7746,0.0,0.7556,0.8367,0.7556,0.8367,0.7746,0.0,0.0,0.7746,0.7556,0.0,0.3973,0.7635,0.0,0.0,0.7556,0.0,0.0,0.0,0.0,0.0,0.7556
0.7556,0.3911,0.7746,0.0,0.7556,0.7746,0.0,0.0,0.7556,0.7556,0.7746,0.7556,0.7556,0.7556,0.7746,0.0,0.0,0.0,0.0,0.0,0.7556,0.7556,0.7746,0.0,0.0,0.0,0.0,0.0,0.0,0.0,0.7635,0.3911,0.0,0.0,0.7556,0.7556,0.0,0.8087,0.0,0.7635,0.7861,0.0,0.7746,0.0,0.7556,0.7746,0.7556,0.7746,0.7556,0.7746,0.0,0.7556,0.7746,0.7556,0.4481,0.8367,0.7746,0.0,0.4261,0.7556,0.7635,0.7556,0.7899,0.0,0.0,0.7556,0.7746,0.0,0.0,0.7556,0.0,0.7746,0.0,0.7635,0.7556,0.0,0.7556,0.0,0.7746,0.7556,0.7635,0.0,0.0,0.0,0.7556,0.7746,0.7556,0.0,0.7556,0.0,0.0,0.0,0.7556,0.7635,0.7556,0.0,0.0,0.7746,0.2944,0.0,0.7746,0.0,0.0,0.8367,0.4234,0.8367,0.0,0.7556,0.7556,0.7746,0.0,0.0,0.0,0.0,0.0,0.7746,0.0,0.7556,0.0,0.0,0.0,0.0,0.2765
0.0,0.0,0.0,0.7563,0.7457,0.8019,0.7635,0.0,0.2941,0.7457,0.8019,0.0,0.0,0.4198,0.0,0.0,0.2847,0.7635,0.7635,0.0,0.0,0.0,0.8019,0.0,0.7457,0.1716,0.0,0.2739,0.7457,0.0,0.0,0.0,0.7635,0.0,0.7635,0.7635,0.0,0.0,0.7635,0.0,0.0,0.7457,0.8019,0.7635,0.0,0.0,0.0,0.0,0.0,0.0,0.0,0.0,0.8019,0.7635,0.0,0.8729,0.0,0.0,0.0,0.7457,0.0,0.0,0.5886,0.0,0.0,0.7457,0.7382,0.2546,0.0,0.0,0.8019,0.0,0.8019,0.4147,0.0,0.0,0.7457,0.0,0.8019,0.0,0.0,0.0,0.0,0.7382,0.7635,0.8019,0.7457,0.6518,0.7635,0.0,0.7382,0.7457,0.7457,0.7382,0.7457,0.0,0.0,0.7382,0.0,0.2761,0.0,0.3372,0.0,0.8729,0.0,0.8729,0.0,0.0,0.0,0.0,0.7457,0.2767,0.3409,0.0,0.2767,0.0,0.0,0.0,0.0,0.0,0.0,0.0,0.0
0.0,0.0,0.0,0.0,0.7868,0.7746,0.7746,0.7746,0.0,0.7868,0.7746,0.0,0.0,0.0,0.0,0.7746,0.0,0.7746,0.7746,0.0,0.0,0.7746,0.7746,0.8019,0.7868,0.0,0.0,0.0,0.7868,0.0,0.0,0.0,0.7746,0.0,0.7746,0.7746,0.0,0.0,0.0,0.0,0.8301,0.7868,0.7746,0.7746,0.7868,0.0,0.0,0.7746,0.0,0.0,0.0,0.0,0.7746,0.7746,0.8019,0.8167,0.0,0.7746,0.7746,0.7868,0.0,0.0,0.5916,0.7868,0.7746,0.7868,0.8167,0.0,0.7746,0.7868,0.7746,0.0,0.0,0.0,0.0,0.8019,0.7868,0.7746,0.7746,0.0,0.8019,0.0,0.7746,0.8167,0.7746,0.7746,0.7868,0.0,0.7746,0.3169,0.8167,0.7868,0.7868,0.8019,0.7868,0.7868,0.584,0.8167,0.8283,0.0,0.7746,0.0,0.7868,0.8167,0.7868,0.8167,0.7746,0.0,0.0,0.7746,0.7868,0.0,0.0,0.8019,0.0,0.0,0.7746,0.0,0.0,0.0,0.0,0.0,0.7868
0.7556,0.0,0.7868,0.7772,0.7457,0.7868,0.0,0.0,0.7503,0.7457,0.7868,0.7556,0.7457,0.7457,0.7868,0.0,0.0,0.0,0.0,0.0,0.7503,0.7556,0.7868,0.0,0.0,0.0,0.0,0.0,0.0,0.0,0.7457,0.0,0.0,0.7556,0.7556,0.7556,0.0,0.7772,0.7556,0.7457,0.7589,0.0,0.7868,0.0,0.7457,0.7868,0.7556,0.7868,0.7556,0.7868,0.0,0.7556,0.7868,0.7556,0.4198,0.8562,0.7868,0.0,0.4234,0.7457,0.7457,0.7457,0.7874,0.0,0.0,0.7457,0.0,0.0,0.0,0.7457,0.0,0.7868,0.7868,0.7457,0.7457,0.3948,0.0,0.0,0.7868,0.0,0.7457,0.0,0.0,0.4228,0.0,0.7868,0.7457,0.6746,0.7556,0.0,0.2795,0.4189,0.0,0.0,0.0,0.0,0.0,0.751,0.0,0.405,0.7868,0.0,0.4357,0.8562,0.4426,0.8562,0.0,0.7556,0.7556,0.7868,0.0,0.3936,0.0,0.0,0.0,0.0,0.0,0.0,0.7556,0.2765,0.0,0.7868,0.0
